timestamp,proposal,variant,dataset,collection,auc_pr,auc_roc,rw1_auc_pr,delta_pr,epochs,warmup,lam,tau,k,conf_mode,mc_samples,tau_u,extra,corr_anom_over_norm,corr_overlap,corr_anomaly_coverage,gate_auc_vs_label,window,batch,l1_weight,correction_rate
2026-07-16T11:14:36,5,h5,msl_id8,MSL,0.0249,0.8512,,,200,10,1.0,2.0,1.0,,,,lam_mode=auto_tr,0.5532,0.0,0.0,0.931,50,256,0.001,0.001
2026-07-16T11:14:39,5,h5,opportunity_id3,OPPORTUNITY,0.4627,0.9944,,,200,10,1.0,2.0,1.0,,,,lam_mode=auto_tr,1.7908,0.235,1.0,0.6504,50,256,1.0,0.001
2026-07-16T11:14:43,5,h5,opportunity_id3,OPPORTUNITY,0.4627,0.9944,,,200,10,1.0,2.0,1.0,,,,lam_mode=auto_tr,1.7907,0.235,1.0,0.6696,50,256,0.01,0.001
2026-07-16T11:14:47,5,h5,opportunity_id3,OPPORTUNITY,0.462,0.9943,,,200,10,1.0,2.0,1.0,,,,lam_mode=auto_tr,1.79,0.235,1.0,0.6384,50,256,0.001,0.001
2026-07-16T11:14:48,5,h5,opportunity_id3,OPPORTUNITY,0.4627,0.9944,,,200,10,1.0,2.0,1.0,,,,lam_mode=auto_tr,1.7907,0.235,1.0,0.6453,50,256,0.1,0.001
2026-07-16T11:14:54,5,h5,opportunity_id3,OPPORTUNITY,0.0725,0.9293,,,200,10,1.0,2.0,1.0,,,,lam_mode=auto_tr,3.0649,0.0121,0.0515,0.6716,50,256,0.001,0.01
2026-07-16T11:15:02,5,h5,opportunity_id3,OPPORTUNITY,0.0731,0.93,,,200,10,1.0,2.0,1.0,,,,lam_mode=auto_tr,3.1041,0.0128,0.0545,0.6734,50,256,0.1,0.01
2026-07-16T11:15:10,5,h5,opportunity_id3,OPPORTUNITY,0.0729,0.9298,,,200,10,1.0,2.0,1.0,,,,lam_mode=auto_tr,3.1035,0.0128,0.0545,0.6777,50,256,0.01,0.01
2026-07-16T11:15:20,5,h5,opportunity_id3,OPPORTUNITY,0.0218,0.7557,,,200,10,1.0,2.0,1.0,,,,lam_mode=auto_tr,1.0679,0.0057,0.0242,0.6791,50,256,0.01,0.1
2026-07-16T11:15:23,5,h5,opportunity_id3,OPPORTUNITY,0.011,0.4959,,,200,10,1.0,2.0,1.0,,,,lam_mode=auto_tr,0.996,0.0064,0.0273,0.669,50,256,0.001,0.1
2026-07-16T11:15:23,5,h5,opportunity_id3,OPPORTUNITY,0.0731,0.93,,,200,10,1.0,2.0,1.0,,,,lam_mode=auto_tr,3.1045,0.0128,0.0545,0.6715,50,256,1.0,0.01
2026-07-16T11:15:44,5,h5,msl_id8,MSL,0.0063,0.4471,,,200,10,1.0,2.0,1.0,,,,lam_mode=auto_tr,0.1038,0.0,0.0,0.8885,50,256,1.0,0.01
2026-07-16T11:15:44,5,h5,msl_id8,MSL,0.0053,0.33,,,200,10,1.0,2.0,1.0,,,,lam_mode=auto_tr,0.0996,0.0,0.0,0.7907,50,256,0.1,0.01
2026-07-16T11:15:45,5,h5,msl_id8,MSL,0.023,0.7631,,,200,10,1.0,2.0,1.0,,,,lam_mode=auto_tr,0.7691,0.0,0.0,0.8504,50,256,1.0,0.1
2026-07-16T11:15:45,5,h5,msl_id8,MSL,0.0104,0.6559,,,200,10,1.0,2.0,1.0,,,,lam_mode=auto_tr,0.4767,0.0,0.0,0.9105,50,256,0.1,0.001
2026-07-16T11:15:45,5,h5,msl_id8,MSL,0.0187,0.3936,,,200,10,1.0,2.0,1.0,,,,lam_mode=auto_tr,0.9763,0.035,0.2381,0.9743,50,256,0.1,0.1
2026-07-16T11:15:45,5,h5,msl_id8,MSL,0.0099,0.6431,,,200,10,1.0,2.0,1.0,,,,lam_mode=auto_tr,0.4796,0.0,0.0,0.6468,50,256,0.01,0.001
2026-07-16T11:15:46,5,h5,msl_id8,MSL,0.4085,0.9952,,,200,10,1.0,2.0,1.0,,,,lam_mode=auto_tr,2.4383,0.1469,1.0,0.9702,50,256,0.01,0.1
2026-07-16T11:15:46,5,h5,msl_id8,MSL,0.0107,0.5845,,,200,10,1.0,2.0,1.0,,,,lam_mode=auto_tr,0.2273,0.0,0.0,0.8707,50,256,0.01,0.01
2026-07-16T11:15:47,5,h5,msl_id8,MSL,0.0242,0.6777,,,200,10,1.0,2.0,1.0,,,,lam_mode=auto_tr,1.0498,0.035,0.2381,0.9823,50,256,0.001,0.1
2026-07-16T11:15:48,5,h5,msl_id8,MSL,0.0103,0.5688,,,200,10,1.0,2.0,1.0,,,,lam_mode=auto_tr,0.3991,0.0,0.0,0.9618,50,256,0.001,0.01
2026-07-16T11:17:39,5,h5,opportunity_id6,OPPORTUNITY,0.7091,0.9957,,,200,10,1.0,2.0,1.0,,,,lam_mode=auto_tr,1.9631,0.4298,1.0,0.6766,50,256,0.001,0.001
2026-07-16T11:17:52,5,h5,opportunity_id3,OPPORTUNITY,0.0172,0.6901,,,200,10,1.0,2.0,1.0,,,,lam_mode=auto_tr,1.0575,0.0057,0.0242,0.6873,50,256,0.1,0.1
2026-07-16T11:18:02,5,h5,opportunity_id3,OPPORTUNITY,0.0169,0.6854,,,200,10,1.0,2.0,1.0,,,,lam_mode=auto_tr,1.0565,0.0057,0.0242,0.6834,50,256,1.0,0.1
2026-07-16T11:19:33,5,h5,msl_id8,MSL,0.0102,0.6509,,,200,10,1.0,2.0,1.0,,,,lam_mode=auto_tr,0.4763,0.0,0.0,0.8872,50,256,1.0,0.001
2026-07-16T11:19:48,5,h5,msl_id9,MSL,0.0265,0.3959,,,200,10,1.0,2.0,1.0,,,,lam_mode=auto_tr,0.9263,0.018,0.029,0.4429,50,256,0.01,0.001
2026-07-16T11:19:48,5,h5,msl_id9,MSL,0.0281,0.4285,,,200,10,1.0,2.0,1.0,,,,lam_mode=auto_tr,0.9252,0.018,0.029,0.4539,50,256,0.001,0.001
2026-07-16T11:19:49,5,h5,msl_id9,MSL,0.0296,0.4575,,,200,10,1.0,2.0,1.0,,,,lam_mode=auto_tr,0.9277,0.018,0.029,0.4395,50,256,1.0,0.001
2026-07-16T11:19:49,5,h5,msl_id9,MSL,0.029,0.4418,,,200,10,1.0,2.0,1.0,,,,lam_mode=auto_tr,0.9277,0.018,0.029,0.445,50,256,0.1,0.001
2026-07-16T11:21:39,5,h5,opportunity_id6,OPPORTUNITY,0.7094,0.9958,,,200,10,1.0,2.0,1.0,,,,lam_mode=auto_tr,1.9638,0.4298,1.0,0.6835,50,256,1.0,0.001
2026-07-16T11:21:39,5,h5,opportunity_id6,OPPORTUNITY,0.0259,0.6176,,,200,10,1.0,2.0,1.0,,,,lam_mode=auto_tr,1.0375,0.0121,0.0282,0.7488,50,256,1.0,0.1
2026-07-16T11:21:40,5,h5,opportunity_id6,OPPORTUNITY,0.0738,0.8769,,,200,10,1.0,2.0,1.0,,,,lam_mode=auto_tr,2.2958,0.0133,0.031,0.7541,50,256,0.001,0.01
2026-07-16T11:21:46,5,h5,opportunity_id6,OPPORTUNITY,0.022,0.5448,,,200,10,1.0,2.0,1.0,,,,lam_mode=auto_tr,1.0075,0.0048,0.0113,0.7452,50,256,0.001,0.1
2026-07-16T11:21:46,5,h5,opportunity_id6,OPPORTUNITY,0.7094,0.9958,,,200,10,1.0,2.0,1.0,,,,lam_mode=auto_tr,1.9638,0.4298,1.0,0.6785,50,256,0.1,0.001
2026-07-16T11:21:47,5,h5,opportunity_id6,OPPORTUNITY,0.0749,0.8788,,,200,10,1.0,2.0,1.0,,,,lam_mode=auto_tr,2.3371,0.0133,0.031,0.7442,50,256,1.0,0.01
2026-07-16T11:21:48,5,h5,opportunity_id6,OPPORTUNITY,0.0748,0.8787,,,200,10,1.0,2.0,1.0,,,,lam_mode=auto_tr,2.3356,0.0133,0.031,0.7472,50,256,0.01,0.01
2026-07-16T11:21:48,5,h5,opportunity_id6,OPPORTUNITY,0.7094,0.9958,,,200,10,1.0,2.0,1.0,,,,lam_mode=auto_tr,1.9637,0.4298,1.0,0.6688,50,256,0.01,0.001
2026-07-16T11:21:50,5,h5,opportunity_id6,OPPORTUNITY,0.0259,0.6175,,,200,10,1.0,2.0,1.0,,,,lam_mode=auto_tr,1.0372,0.0121,0.0282,0.7439,50,256,0.1,0.1
2026-07-16T11:21:50,5,h5,opportunity_id6,OPPORTUNITY,0.0749,0.8788,,,200,10,1.0,2.0,1.0,,,,lam_mode=auto_tr,2.337,0.0133,0.031,0.7354,50,256,0.1,0.01
2026-07-16T11:21:52,5,h5,opportunity_id6,OPPORTUNITY,0.0267,0.6352,,,200,10,1.0,2.0,1.0,,,,lam_mode=auto_tr,1.0378,0.0073,0.0169,0.7362,50,256,0.01,0.1
2026-07-16T11:23:50,5,h5,msl_id9,MSL,0.0281,0.4452,,,200,10,1.0,2.0,1.0,,,,lam_mode=auto_tr,0.7608,0.018,0.029,0.4586,50,256,1.0,0.01
2026-07-16T11:23:51,5,h5,msl_id9,MSL,0.0298,0.4856,,,200,10,1.0,2.0,1.0,,,,lam_mode=auto_tr,0.7604,0.018,0.029,0.4573,50,256,0.1,0.01
2026-07-16T11:23:51,5,h5,msl_id9,MSL,0.0339,0.5552,,,200,10,1.0,2.0,1.0,,,,lam_mode=auto_tr,0.8291,0.018,0.029,0.4521,50,256,1.0,0.1
2026-07-16T11:23:51,5,h5,msl_id9,MSL,0.0455,0.543,,,200,10,1.0,2.0,1.0,,,,lam_mode=auto_tr,1.0748,0.0541,0.087,0.4471,50,256,0.001,0.1
2026-07-16T11:23:51,5,h5,msl_id9,MSL,0.0305,0.4973,,,200,10,1.0,2.0,1.0,,,,lam_mode=auto_tr,0.8157,0.018,0.029,0.47,50,256,0.1,0.1
2026-07-16T11:23:51,5,h5,msl_id9,MSL,0.0274,0.4532,,,200,10,1.0,2.0,1.0,,,,lam_mode=auto_tr,0.9549,0.018,0.029,0.4548,50,256,0.01,0.1
2026-07-16T11:23:52,5,h5,msl_id9,MSL,0.0286,0.4578,,,200,10,1.0,2.0,1.0,,,,lam_mode=auto_tr,0.7803,0.018,0.029,0.4648,50,256,0.01,0.01
2026-07-16T11:23:52,5,h5,msl_id9,MSL,0.031,0.488,,,200,10,1.0,2.0,1.0,,,,lam_mode=auto_tr,0.8527,0.018,0.029,0.4591,50,256,0.001,0.01
2026-07-16T11:27:03,5,h5,opportunity_id8,OPPORTUNITY,0.3699,0.9804,,,200,10,1.0,2.0,1.0,,,,lam_mode=auto_tr,1.7078,0.4144,0.8944,0.6241,50,256,0.1,0.001
2026-07-16T11:27:04,5,h5,opportunity_id8,OPPORTUNITY,0.3692,0.9804,,,200,10,1.0,2.0,1.0,,,,lam_mode=auto_tr,1.7071,0.4144,0.8944,0.6038,50,256,0.001,0.001
2026-07-16T11:27:07,5,h5,opportunity_id8,OPPORTUNITY,0.3698,0.9804,,,200,10,1.0,2.0,1.0,,,,lam_mode=auto_tr,1.7077,0.4144,0.8944,0.6142,50,256,0.01,0.001
2026-07-16T11:27:09,5,h5,opportunity_id8,OPPORTUNITY,0.0566,0.8185,,,200,10,1.0,2.0,1.0,,,,lam_mode=auto_tr,1.6485,0.0119,0.0256,0.6677,50,256,0.001,0.01
2026-07-16T11:27:09,5,h5,opportunity_id8,OPPORTUNITY,0.3699,0.9804,,,200,10,1.0,2.0,1.0,,,,lam_mode=auto_tr,1.7078,0.4144,0.8944,0.6062,50,256,1.0,0.001
2026-07-16T11:30:40,5,h5,opportunity_id1,OPPORTUNITY,0.4227,0.9774,,,200,10,1.0,2.0,1.0,,,,lam_mode=auto_tr,1.6708,0.366,0.6269,0.5747,50,256,0.01,0.001
2026-07-16T11:30:40,5,h5,opportunity_id1,OPPORTUNITY,0.422,0.9774,,,200,10,1.0,2.0,1.0,,,,lam_mode=auto_tr,1.6702,0.366,0.6269,0.6153,50,256,0.001,0.001
2026-07-16T11:30:44,5,h5,opportunity_id1,OPPORTUNITY,0.0262,0.4821,,,200,10,1.0,2.0,1.0,,,,lam_mode=auto_tr,0.9935,0.0146,0.025,0.7204,50,256,0.001,0.1
2026-07-16T11:30:44,5,h5,opportunity_id1,OPPORTUNITY,0.0528,0.7591,,,200,10,1.0,2.0,1.0,,,,lam_mode=auto_tr,1.3672,0.0162,0.0277,0.7029,50,256,1.0,0.01
2026-07-16T11:30:54,5,h5,opportunity_id1,OPPORTUNITY,0.0528,0.7591,,,200,10,1.0,2.0,1.0,,,,lam_mode=auto_tr,1.3673,0.0162,0.0277,0.7047,50,256,0.1,0.01
2026-07-16T11:30:56,5,h5,opportunity_id8,OPPORTUNITY,0.0223,0.5022,,,200,10,1.0,2.0,1.0,,,,lam_mode=auto_tr,0.9957,0.0148,0.032,0.676,50,256,0.001,0.1
2026-07-16T11:30:58,5,h5,opportunity_id8,OPPORTUNITY,0.0574,0.8212,,,200,10,1.0,2.0,1.0,,,,lam_mode=auto_tr,1.679,0.0126,0.0272,0.6788,50,256,1.0,0.01
2026-07-16T11:31:01,5,h5,opportunity_id8,OPPORTUNITY,0.0367,0.6808,,,200,10,1.0,2.0,1.0,,,,lam_mode=auto_tr,1.049,0.0423,0.0912,0.6773,50,256,0.01,0.1
2026-07-16T11:31:03,5,h5,opportunity_id8,OPPORTUNITY,0.0351,0.6726,,,200,10,1.0,2.0,1.0,,,,lam_mode=auto_tr,1.0508,0.0334,0.072,0.7081,50,256,0.1,0.1
2026-07-16T11:31:04,5,h5,opportunity_id8,OPPORTUNITY,0.0347,0.6704,,,200,10,1.0,2.0,1.0,,,,lam_mode=auto_tr,1.0505,0.0334,0.072,0.7013,50,256,1.0,0.1
2026-07-16T11:31:12,5,h5,opportunity_id8,OPPORTUNITY,0.0574,0.8212,,,200,10,1.0,2.0,1.0,,,,lam_mode=auto_tr,1.6789,0.0126,0.0272,0.688,50,256,0.1,0.01
2026-07-16T11:31:18,5,h5,opportunity_id8,OPPORTUNITY,0.0573,0.8207,,,200,10,1.0,2.0,1.0,,,,lam_mode=auto_tr,1.6745,0.0119,0.0256,0.6925,50,256,0.01,0.01
2026-07-16T11:31:52,5,h5,msl_id4,MSL,0.0612,0.8023,,,200,10,1.0,2.0,1.0,,,,lam_mode=auto_tr,2.1746,0.0523,0.1268,0.7324,50,256,1.0,0.001
2026-07-16T11:31:52,5,h5,msl_id4,MSL,0.0614,0.8032,,,200,10,1.0,2.0,1.0,,,,lam_mode=auto_tr,2.1665,0.0523,0.1268,0.7469,50,256,0.01,0.001
2026-07-16T11:31:52,5,h5,msl_id4,MSL,0.0339,0.5606,,,200,10,1.0,2.0,1.0,,,,lam_mode=auto_tr,1.9248,0.0523,0.1268,0.8275,50,256,0.001,0.01
2026-07-16T11:31:52,5,h5,msl_id4,MSL,0.0612,0.8023,,,200,10,1.0,2.0,1.0,,,,lam_mode=auto_tr,2.1748,0.0523,0.1268,0.6974,50,256,0.1,0.001
2026-07-16T11:31:52,5,h5,msl_id4,MSL,0.0629,0.809,,,200,10,1.0,2.0,1.0,,,,lam_mode=auto_tr,2.1593,0.0523,0.1268,0.8165,50,256,0.001,0.001
2026-07-16T11:31:53,5,h5,msl_id4,MSL,0.0356,0.5111,,,200,10,1.0,2.0,1.0,,,,lam_mode=auto_tr,2.0789,0.0407,0.0986,0.8094,50,256,0.01,0.01
2026-07-16T11:31:53,5,h5,msl_id4,MSL,0.0347,0.5306,,,200,10,1.0,2.0,1.0,,,,lam_mode=auto_tr,2.2048,0.0349,0.0845,0.8148,50,256,0.1,0.01
2026-07-16T11:31:53,5,h5,msl_id4,MSL,0.0322,0.5704,,,200,10,1.0,2.0,1.0,,,,lam_mode=auto_tr,2.2033,0.0407,0.0986,0.8134,50,256,1.0,0.01
2026-07-16T11:33:11,5,h5,opportunity_id1,OPPORTUNITY,0.0528,0.7588,,,200,10,1.0,2.0,1.0,,,,lam_mode=auto_tr,1.3671,0.0162,0.0277,0.7037,50,256,0.01,0.01
2026-07-16T11:33:13,5,h5,opportunity_id1,OPPORTUNITY,0.0525,0.7573,,,200,10,1.0,2.0,1.0,,,,lam_mode=auto_tr,1.3614,0.017,0.0291,0.706,50,256,0.001,0.01
2026-07-16T11:33:17,5,h5,opportunity_id1,OPPORTUNITY,0.4228,0.9774,,,200,10,1.0,2.0,1.0,,,,lam_mode=auto_tr,1.6708,0.366,0.6269,0.626,50,256,1.0,0.001
2026-07-16T11:33:26,5,h5,opportunity_id1,OPPORTUNITY,0.4228,0.9774,,,200,10,1.0,2.0,1.0,,,,lam_mode=auto_tr,1.6708,0.366,0.6269,0.6496,50,256,0.1,0.001
2026-07-16T11:34:42,5,h5,opportunity_id1,OPPORTUNITY,0.0466,0.7,,,200,10,1.0,2.0,1.0,,,,lam_mode=auto_tr,1.0495,0.0324,0.0555,0.7154,50,256,0.01,0.1
2026-07-16T11:34:48,5,h5,opportunity_id1,OPPORTUNITY,0.0444,0.691,,,200,10,1.0,2.0,1.0,,,,lam_mode=auto_tr,1.0518,0.0283,0.0485,0.7187,50,256,1.0,0.1
2026-07-16T11:35:00,5,h5,opportunity_id1,OPPORTUNITY,0.0444,0.6906,,,200,10,1.0,2.0,1.0,,,,lam_mode=auto_tr,1.0515,0.0291,0.0499,0.7205,50,256,0.1,0.1
2026-07-16T11:35:47,5,h5,msl_id12,MSL,0.0609,0.5722,,,200,10,1.0,2.0,1.0,,,,lam_mode=auto_tr,6.5547,0.0541,0.2308,0.7897,50,256,0.01,0.01
2026-07-16T11:35:47,5,h5,msl_id12,MSL,0.0638,0.6309,,,200,10,1.0,2.0,1.0,,,,lam_mode=auto_tr,4.3826,0.0541,0.2308,0.7825,50,256,0.01,0.001
2026-07-16T11:35:47,5,h5,msl_id12,MSL,0.0578,0.5144,,,200,10,1.0,2.0,1.0,,,,lam_mode=auto_tr,1.6108,0.036,0.1538,0.7575,50,256,0.001,0.1
2026-07-16T11:35:47,5,h5,msl_id12,MSL,0.0641,0.7195,,,200,10,1.0,2.0,1.0,,,,lam_mode=auto_tr,6.9676,0.0545,0.2308,0.7995,50,256,0.1,0.01
2026-07-16T11:35:48,5,h5,msl_id12,MSL,0.0623,0.6572,,,200,10,1.0,2.0,1.0,,,,lam_mode=auto_tr,6.9542,0.0541,0.2308,0.7962,50,256,1.0,0.01
2026-07-16T11:35:48,5,h5,msl_id12,MSL,0.0116,0.4334,,,200,10,1.0,2.0,1.0,,,,lam_mode=auto_tr,0.8534,0.009,0.0385,0.775,50,256,0.01,0.1
2026-07-16T11:35:48,5,h5,msl_id12,MSL,0.0672,0.6477,,,200,10,1.0,2.0,1.0,,,,lam_mode=auto_tr,4.2978,0.0541,0.2308,0.78,50,256,0.001,0.001
2026-07-16T11:35:53,5,h5,msl_id4,MSL,0.0376,0.5766,,,200,10,1.0,2.0,1.0,,,,lam_mode=auto_tr,2.0134,0.064,0.1549,0.7288,50,256,0.1,0.1
2026-07-16T11:35:54,5,h5,msl_id4,MSL,0.0287,0.5739,,,200,10,1.0,2.0,1.0,,,,lam_mode=auto_tr,1.8978,0.0058,0.0141,0.7682,50,256,1.0,0.1
2026-07-16T11:36:20,5,h5,msl_id12,MSL,0.0637,0.6327,,,200,10,1.0,2.0,1.0,,,,lam_mode=auto_tr,4.812,0.0541,0.2308,0.7435,50,256,0.001,0.01
2026-07-16T11:36:20,5,h5,msl_id12,MSL,0.0645,0.6684,,,200,10,1.0,2.0,1.0,,,,lam_mode=auto_tr,4.3984,0.0541,0.2308,0.7765,50,256,0.1,0.001
2026-07-16T11:36:21,5,h5,msl_id12,MSL,0.0673,0.6755,,,200,10,1.0,2.0,1.0,,,,lam_mode=auto_tr,4.3991,0.0541,0.2308,0.7851,50,256,1.0,0.001
2026-07-16T11:37:58,5,h5,msl_id4,MSL,0.0336,0.532,,,200,10,1.0,2.0,1.0,,,,lam_mode=auto_tr,1.1865,0.0291,0.0704,0.7476,50,256,0.001,0.1
2026-07-16T11:37:58,5,h5,msl_id4,MSL,0.048,0.6803,,,200,10,1.0,2.0,1.0,,,,lam_mode=auto_tr,1.2944,0.0291,0.0704,0.7775,50,256,0.01,0.1
2026-07-16T11:39:51,5,h5,msl_id2,MSL,0.0942,0.6055,,,200,10,1.0,2.0,1.0,,,,lam_mode=auto_tr,1.2501,0.0565,0.0439,0.8462,50,256,0.01,0.01
2026-07-16T11:39:52,5,h5,msl_id2,MSL,0.1574,0.7255,,,200,10,1.0,2.0,1.0,,,,lam_mode=auto_tr,1.8056,0.0621,0.0482,0.6854,50,256,0.1,0.001
2026-07-16T11:39:52,5,h5,msl_id12,MSL,0.0192,0.644,,,200,10,1.0,2.0,1.0,,,,lam_mode=auto_tr,0.8708,0.018,0.0769,0.8056,50,256,0.1,0.1
2026-07-16T11:39:52,5,h5,msl_id12,MSL,0.0173,0.5989,,,200,10,1.0,2.0,1.0,,,,lam_mode=auto_tr,0.7614,0.0,0.0,0.8023,50,256,1.0,0.1
2026-07-16T11:39:52,5,h5,msl_id2,MSL,0.0884,0.5854,,,200,10,1.0,2.0,1.0,,,,lam_mode=auto_tr,1.28,0.0565,0.0439,0.8258,50,256,0.1,0.01
2026-07-16T11:39:52,5,h5,msl_id2,MSL,0.1573,0.7247,,,200,10,1.0,2.0,1.0,,,,lam_mode=auto_tr,1.8057,0.0621,0.0482,0.6643,50,256,1.0,0.001
2026-07-16T11:39:52,5,h5,msl_id2,MSL,0.0759,0.5278,,,200,10,1.0,2.0,1.0,,,,lam_mode=auto_tr,1.2799,0.0565,0.0439,0.8459,50,256,1.0,0.01
2026-07-16T11:39:52,5,h5,msl_id2,MSL,0.1015,0.6268,,,200,10,1.0,2.0,1.0,,,,lam_mode=auto_tr,1.2395,0.0508,0.0395,0.8801,50,256,0.001,0.01
2026-07-16T11:39:52,5,h5,msl_id2,MSL,0.0712,0.4975,,,200,10,1.0,2.0,1.0,,,,lam_mode=auto_tr,1.0513,0.0791,0.0614,0.848,50,256,0.001,0.1
2026-07-16T11:39:52,5,h5,msl_id2,MSL,0.1619,0.7211,,,200,10,1.0,2.0,1.0,,,,lam_mode=auto_tr,1.3373,0.2373,0.1842,0.865,50,256,0.01,0.1
2026-07-16T11:39:53,5,h5,msl_id2,MSL,0.1577,0.7254,,,200,10,1.0,2.0,1.0,,,,lam_mode=auto_tr,1.7979,0.0621,0.0482,0.6848,50,256,0.01,0.001
2026-07-16T11:39:54,5,h5,msl_id2,MSL,0.1571,0.7247,,,200,10,1.0,2.0,1.0,,,,lam_mode=auto_tr,1.7446,0.0621,0.0482,0.6538,50,256,0.001,0.001
2026-07-16T11:43:57,5,h5,msl_id2,MSL,0.0575,0.4276,,,200,10,1.0,2.0,1.0,,,,lam_mode=auto_tr,1.3991,0.0282,0.0219,0.8811,50,256,1.0,0.1
2026-07-16T11:44:05,5,h5,msl_id2,MSL,0.0618,0.4649,,,200,10,1.0,2.0,1.0,,,,lam_mode=auto_tr,1.4014,0.0508,0.0395,0.868,50,256,0.1,0.1
2026-07-16T11:46:18,5,h5,opportunity_id7,OPPORTUNITY,0.0557,0.6994,,,200,10,1.0,2.0,1.0,,,,lam_mode=auto_tr,0.9677,0.0018,0.0024,0.7067,50,256,1.0,0.01
2026-07-16T11:46:19,5,h5,opportunity_id7,OPPORTUNITY,0.0556,0.6989,,,200,10,1.0,2.0,1.0,,,,lam_mode=auto_tr,0.9669,0.0018,0.0024,0.7122,50,256,0.01,0.01
2026-07-16T11:46:19,5,h5,opportunity_id7,OPPORTUNITY,0.0557,0.6994,,,200,10,1.0,2.0,1.0,,,,lam_mode=auto_tr,0.9676,0.0018,0.0024,0.7091,50,256,0.1,0.01
2026-07-16T11:46:22,5,h5,opportunity_id7,OPPORTUNITY,0.0265,0.3545,,,200,10,1.0,2.0,1.0,,,,lam_mode=auto_tr,0.9727,0.0083,0.011,0.7172,50,256,0.001,0.1
2026-07-16T11:46:23,5,h5,opportunity_id7,OPPORTUNITY,0.092,0.7851,,,200,10,1.0,2.0,1.0,,,,lam_mode=auto_tr,1.1049,0.0718,0.0954,0.6943,50,256,0.01,0.1
2026-07-16T11:46:24,5,h5,opportunity_id7,OPPORTUNITY,0.7261,0.9919,,,200,10,1.0,2.0,1.0,,,,lam_mode=auto_tr,1.8407,0.6335,0.8411,0.6274,50,256,0.01,0.001
2026-07-16T11:46:26,5,h5,opportunity_id7,OPPORTUNITY,0.7261,0.9919,,,200,10,1.0,2.0,1.0,,,,lam_mode=auto_tr,1.8408,0.6335,0.8411,0.6508,50,256,1.0,0.001
2026-07-16T11:46:27,5,h5,opportunity_id7,OPPORTUNITY,0.055,0.6959,,,200,10,1.0,2.0,1.0,,,,lam_mode=auto_tr,0.9634,0.0018,0.0024,0.6997,50,256,0.001,0.01
2026-07-16T11:46:28,5,h5,opportunity_id7,OPPORTUNITY,0.7261,0.9919,,,200,10,1.0,2.0,1.0,,,,lam_mode=auto_tr,1.8408,0.6335,0.8411,0.6268,50,256,0.1,0.001
2026-07-16T11:46:29,5,h5,opportunity_id7,OPPORTUNITY,0.7255,0.9919,,,200,10,1.0,2.0,1.0,,,,lam_mode=auto_tr,1.8401,0.6326,0.8399,0.6494,50,256,0.001,0.001
2026-07-16T11:48:16,5,h5,opportunity_id2,OPPORTUNITY,0.0826,0.4861,,,200,10,1.0,2.0,1.0,,,,lam_mode=auto_tr,1.0044,0.0695,0.0384,0.4493,50,256,0.01,0.1
2026-07-16T11:48:16,5,h5,opportunity_id2,OPPORTUNITY,0.5739,0.9708,,,200,10,1.0,2.0,1.0,,,,lam_mode=auto_tr,1.6712,0.5097,0.2814,0.3333,50,256,0.1,0.001
2026-07-16T11:48:16,5,h5,opportunity_id2,OPPORTUNITY,0.0661,0.3745,,,200,10,1.0,2.0,1.0,,,,lam_mode=auto_tr,0.9771,0.0077,0.0043,0.4734,50,256,0.001,0.1
2026-07-16T11:48:17,5,h5,opportunity_id2,OPPORTUNITY,0.0582,0.2813,,,200,10,1.0,2.0,1.0,,,,lam_mode=auto_tr,0.346,0.0,0.0,0.5063,50,256,1.0,0.01
2026-07-16T11:48:17,5,h5,opportunity_id2,OPPORTUNITY,0.0577,0.2717,,,200,10,1.0,2.0,1.0,,,,lam_mode=auto_tr,0.3491,0.0,0.0,0.4907,50,256,0.001,0.01
2026-07-16T11:48:17,5,h5,opportunity_id2,OPPORTUNITY,0.0898,0.5263,,,200,10,1.0,2.0,1.0,,,,lam_mode=auto_tr,1.0187,0.0888,0.049,0.4554,50,256,0.1,0.1
2026-07-16T11:48:18,5,h5,opportunity_id2,OPPORTUNITY,0.058,0.277,,,200,10,1.0,2.0,1.0,,,,lam_mode=auto_tr,0.3439,0.0,0.0,0.4862,50,256,0.01,0.01
2026-07-16T11:48:18,5,h5,opportunity_id2,OPPORTUNITY,0.0903,0.5293,,,200,10,1.0,2.0,1.0,,,,lam_mode=auto_tr,1.0199,0.0965,0.0533,0.4433,50,256,1.0,0.1
2026-07-16T11:48:18,5,h5,opportunity_id2,OPPORTUNITY,0.5739,0.9708,,,200,10,1.0,2.0,1.0,,,,lam_mode=auto_tr,1.6712,0.5097,0.2814,0.3139,50,256,1.0,0.001
2026-07-16T11:48:18,5,h5,opportunity_id2,OPPORTUNITY,0.5736,0.9708,,,200,10,1.0,2.0,1.0,,,,lam_mode=auto_tr,1.6705,0.5097,0.2814,0.2962,50,256,0.001,0.001
2026-07-16T11:48:18,5,h5,opportunity_id2,OPPORTUNITY,0.0583,0.2817,,,200,10,1.0,2.0,1.0,,,,lam_mode=auto_tr,0.3459,0.0,0.0,0.5223,50,256,0.1,0.01
2026-07-16T11:48:18,5,h5,opportunity_id2,OPPORTUNITY,0.5738,0.9708,,,200,10,1.0,2.0,1.0,,,,lam_mode=auto_tr,1.6711,0.5097,0.2814,0.2946,50,256,0.01,0.001
2026-07-16T11:50:51,5,h5,opportunity_id7,OPPORTUNITY,0.0858,0.7648,,,200,10,1.0,2.0,1.0,,,,lam_mode=auto_tr,1.109,0.081,0.1076,0.7112,50,256,0.1,0.1
2026-07-16T11:50:53,5,h5,opportunity_id7,OPPORTUNITY,0.0863,0.7649,,,200,10,1.0,2.0,1.0,,,,lam_mode=auto_tr,1.1098,0.081,0.1076,0.6425,50,256,1.0,0.1
2026-07-16T11:51:48,5,h5,msl_id7,MSL,0.1879,0.7793,,,200,10,1.0,2.0,1.0,,,,lam_mode=auto_tr,1.685,0.0833,0.0495,0.5143,50,256,0.1,0.001
2026-07-16T11:51:48,5,h5,msl_id7,MSL,0.1898,0.7958,,,200,10,1.0,2.0,1.0,,,,lam_mode=auto_tr,1.6827,0.0833,0.0495,0.5815,50,256,0.01,0.001
2026-07-16T11:51:52,5,h5,msl_id7,MSL,0.1888,0.7898,,,200,10,1.0,2.0,1.0,,,,lam_mode=auto_tr,1.6693,0.0833,0.0495,0.6374,50,256,0.001,0.001
2026-07-16T11:52:42,5,h5,opportunity_id4,OPPORTUNITY,0.0734,0.7214,,,200,10,1.0,2.0,1.0,,,,lam_mode=auto_tr,0.9283,0.0,0.0,0.6462,50,256,1.0,0.01
2026-07-16T11:52:43,5,h5,opportunity_id4,OPPORTUNITY,0.1027,0.7746,,,200,10,1.0,2.0,1.0,,,,lam_mode=auto_tr,1.1185,0.0792,0.0845,0.6383,50,256,0.1,0.1
2026-07-16T11:52:44,5,h5,opportunity_id4,OPPORTUNITY,0.0734,0.7212,,,200,10,1.0,2.0,1.0,,,,lam_mode=auto_tr,0.9279,0.0,0.0,0.6428,50,256,0.01,0.01
2026-07-16T11:52:45,5,h5,opportunity_id4,OPPORTUNITY,0.0448,0.4963,,,200,10,1.0,2.0,1.0,,,,lam_mode=auto_tr,0.9989,0.0343,0.0365,0.6915,50,256,0.001,0.1
2026-07-16T11:52:46,5,h5,opportunity_id4,OPPORTUNITY,0.098,0.7614,,,200,10,1.0,2.0,1.0,,,,lam_mode=auto_tr,1.105,0.1006,0.1073,0.6601,50,256,0.01,0.1
2026-07-16T11:52:47,5,h5,opportunity_id4,OPPORTUNITY,0.0734,0.7214,,,200,10,1.0,2.0,1.0,,,,lam_mode=auto_tr,0.9283,0.0,0.0,0.7397,50,256,0.1,0.01
2026-07-16T11:52:47,5,h5,opportunity_id4,OPPORTUNITY,0.1027,0.7749,,,200,10,1.0,2.0,1.0,,,,lam_mode=auto_tr,1.1191,0.0728,0.0776,0.6231,50,256,1.0,0.1
2026-07-16T11:52:50,5,h5,opportunity_id4,OPPORTUNITY,0.0732,0.7202,,,200,10,1.0,2.0,1.0,,,,lam_mode=auto_tr,0.9288,0.0,0.0,0.7169,50,256,0.001,0.01
2026-07-16T11:52:58,5,h5,opportunity_id4,OPPORTUNITY,0.6515,0.9895,,,200,10,1.0,2.0,1.0,,,,lam_mode=auto_tr,1.8059,0.7559,0.8059,0.5167,50,256,0.01,0.001
2026-07-16T11:52:59,5,h5,opportunity_id4,OPPORTUNITY,0.6511,0.9895,,,200,10,1.0,2.0,1.0,,,,lam_mode=auto_tr,1.8053,0.7559,0.8059,0.6429,50,256,0.001,0.001
2026-07-16T11:53:00,5,h5,opportunity_id4,OPPORTUNITY,0.6515,0.9895,,,200,10,1.0,2.0,1.0,,,,lam_mode=auto_tr,1.8059,0.7559,0.8059,0.4106,50,256,1.0,0.001
2026-07-16T11:53:01,5,h5,opportunity_id4,OPPORTUNITY,0.6515,0.9895,,,200,10,1.0,2.0,1.0,,,,lam_mode=auto_tr,1.8059,0.7559,0.8059,0.3887,50,256,0.1,0.001
2026-07-16T11:54:21,5,h5,msl_id7,MSL,0.189,0.7815,,,200,10,1.0,2.0,1.0,,,,lam_mode=auto_tr,1.6852,0.084,0.0495,0.4522,50,256,1.0,0.001
2026-07-16T11:55:47,5,h5,msl_id7,MSL,0.0592,0.3179,,,200,10,1.0,2.0,1.0,,,,lam_mode=auto_tr,0.4864,0.0758,0.045,0.3995,50,256,1.0,0.1
2026-07-16T11:55:47,5,h5,msl_id7,MSL,0.0732,0.3551,,,200,10,1.0,2.0,1.0,,,,lam_mode=auto_tr,0.6109,0.053,0.0315,0.3969,50,256,0.1,0.1
2026-07-16T11:55:48,5,h5,msl_id7,MSL,0.1116,0.6282,,,200,10,1.0,2.0,1.0,,,,lam_mode=auto_tr,0.9945,0.0682,0.0405,0.5013,50,256,0.001,0.1
2026-07-16T11:55:49,5,h5,msl_id7,MSL,0.1823,0.7414,,,200,10,1.0,2.0,1.0,,,,lam_mode=auto_tr,1.3364,0.2348,0.1396,0.4244,50,256,0.01,0.1
2026-07-16T11:55:50,5,h5,msl_id7,MSL,0.1932,0.8197,,,200,10,1.0,2.0,1.0,,,,lam_mode=auto_tr,1.154,0.0682,0.0405,0.4698,50,256,0.001,0.01
2026-07-16T11:55:50,5,h5,msl_id7,MSL,0.1865,0.7901,,,200,10,1.0,2.0,1.0,,,,lam_mode=auto_tr,1.0597,0.0682,0.0405,0.5218,50,256,0.1,0.01
2026-07-16T11:55:50,5,h5,msl_id7,MSL,0.1908,0.8144,,,200,10,1.0,2.0,1.0,,,,lam_mode=auto_tr,1.0614,0.0682,0.0405,0.5147,50,256,1.0,0.01
2026-07-16T11:55:55,5,h5,msl_id7,MSL,0.1948,0.8203,,,200,10,1.0,2.0,1.0,,,,lam_mode=auto_tr,1.0511,0.0682,0.0405,0.5091,50,256,0.01,0.01
2026-07-16T11:55:55,5,h5,msl_id5,MSL,0.1,0.5878,,,200,10,1.0,2.0,1.0,,,,lam_mode=auto_tr,0.4723,0.0158,0.0095,0.6902,50,256,0.001,0.01
2026-07-16T11:55:56,5,h5,msl_id5,MSL,0.102,0.5328,,,200,10,1.0,2.0,1.0,,,,lam_mode=auto_tr,0.7551,0.0198,0.0118,0.727,50,256,0.01,0.001
2026-07-16T11:55:56,5,h5,msl_id5,MSL,0.0965,0.5869,,,200,10,1.0,2.0,1.0,,,,lam_mode=auto_tr,0.3384,0.0198,0.0118,0.6849,50,256,0.01,0.01
2026-07-16T11:55:56,5,h5,msl_id5,MSL,0.0814,0.5212,,,200,10,1.0,2.0,1.0,,,,lam_mode=auto_tr,0.2402,0.0198,0.0118,0.688,50,256,1.0,0.01
2026-07-16T11:55:56,5,h5,msl_id5,MSL,0.1024,0.5324,,,200,10,1.0,2.0,1.0,,,,lam_mode=auto_tr,0.7575,0.0198,0.0118,0.7239,50,256,1.0,0.001
2026-07-16T11:55:56,5,h5,msl_id5,MSL,0.065,0.3856,,,200,10,1.0,2.0,1.0,,,,lam_mode=auto_tr,0.2385,0.0198,0.0118,0.6947,50,256,0.1,0.01
2026-07-16T11:55:56,5,h5,msl_id5,MSL,0.1019,0.5357,,,200,10,1.0,2.0,1.0,,,,lam_mode=auto_tr,0.7577,0.0198,0.0118,0.7218,50,256,0.1,0.001
2026-07-16T11:55:59,5,h5,msl_id5,MSL,0.0942,0.5272,,,200,10,1.0,2.0,1.0,,,,lam_mode=auto_tr,0.7649,0.0198,0.0118,0.5846,50,256,0.001,0.001
2026-07-16T12:00:00,5,h5,msl_id5,MSL,0.1203,0.6064,,,200,10,1.0,2.0,1.0,,,,lam_mode=auto_tr,0.9269,0.1383,0.0827,0.7028,50,256,0.1,0.1
2026-07-16T12:00:00,5,h5,msl_id5,MSL,0.1035,0.5933,,,200,10,1.0,2.0,1.0,,,,lam_mode=auto_tr,1.0257,0.1067,0.0638,0.7306,50,256,0.001,0.1
2026-07-16T12:00:00,5,h5,msl_id5,MSL,0.0897,0.5419,,,200,10,1.0,2.0,1.0,,,,lam_mode=auto_tr,0.7856,0.0435,0.026,0.6905,50,256,1.0,0.1
2026-07-16T12:00:04,5,h5,msl_id5,MSL,0.3006,0.7851,,,200,10,1.0,2.0,1.0,,,,lam_mode=auto_tr,1.4891,0.4466,0.2671,0.6912,50,256,0.01,0.1
2026-07-16T12:05:26,5,h5,msl_id10,MSL,0.0802,0.5532,,,200,10,1.0,2.0,1.0,,,,lam_mode=auto_tr,4.3268,0.1016,0.2366,0.8177,50,256,0.1,0.001
2026-07-16T12:05:26,5,h5,msl_id10,MSL,0.0804,0.5529,,,200,10,1.0,2.0,1.0,,,,lam_mode=auto_tr,4.3271,0.1016,0.2366,0.842,50,256,1.0,0.001
2026-07-16T12:05:26,5,h5,msl_id10,MSL,0.0823,0.5665,,,200,10,1.0,2.0,1.0,,,,lam_mode=auto_tr,4.3178,0.1049,0.2443,0.812,50,256,0.01,0.001
2026-07-16T12:05:27,5,h5,msl_id10,MSL,0.0871,0.59,,,200,10,1.0,2.0,1.0,,,,lam_mode=auto_tr,4.2953,0.118,0.2748,0.7959,50,256,0.001,0.001
2026-07-16T12:07:04,5,h5,msl_id10,MSL,0.1057,0.7909,,,200,10,1.0,2.0,1.0,,,,lam_mode=auto_tr,7.3537,0.1016,0.2366,0.7588,50,256,0.1,0.01
2026-07-16T12:07:04,5,h5,msl_id10,MSL,0.0965,0.7693,,,200,10,1.0,2.0,1.0,,,,lam_mode=auto_tr,7.3435,0.1016,0.2366,0.6929,50,256,1.0,0.01
2026-07-16T12:07:04,5,h5,msl_id10,MSL,0.0853,0.6919,,,200,10,1.0,2.0,1.0,,,,lam_mode=auto_tr,6.6607,0.1016,0.2366,0.7729,50,256,0.01,0.01
2026-07-16T12:07:07,5,h5,msl_id10,MSL,0.0905,0.6937,,,200,10,1.0,2.0,1.0,,,,lam_mode=auto_tr,6.0021,0.1213,0.2824,0.7926,50,256,0.001,0.01
2026-07-16T12:11:02,5,h5,msl_id10,MSL,0.1695,0.8179,,,200,10,1.0,2.0,1.0,,,,lam_mode=auto_tr,2.8187,0.1639,0.3817,0.8788,50,256,0.001,0.1
2026-07-16T12:11:04,5,h5,msl_id10,MSL,0.0862,0.6705,,,200,10,1.0,2.0,1.0,,,,lam_mode=auto_tr,3.248,0.1016,0.2366,0.803,50,256,0.1,0.1
2026-07-16T12:11:04,5,h5,msl_id10,MSL,0.0391,0.4619,,,200,10,1.0,2.0,1.0,,,,lam_mode=auto_tr,3.2789,0.059,0.1374,0.8527,50,256,1.0,0.1
2026-07-16T12:11:08,5,h5,msl_id10,MSL,0.1601,0.7641,,,200,10,1.0,2.0,1.0,,,,lam_mode=auto_tr,2.5101,0.1672,0.3893,0.8829,50,256,0.01,0.1
2026-07-16T12:14:52,5,h5,msl_id14,MSL,0.1203,0.4039,,,200,10,1.0,2.0,1.0,,,,lam_mode=auto_tr,1.0341,0.1724,0.0664,0.5044,50,256,0.001,0.001
2026-07-16T12:14:52,5,h5,msl_id14,MSL,0.1207,0.406,,,200,10,1.0,2.0,1.0,,,,lam_mode=auto_tr,1.0388,0.1739,0.0664,0.4519,50,256,1.0,0.001
2026-07-16T12:14:52,5,h5,msl_id14,MSL,0.1208,0.4107,,,200,10,1.0,2.0,1.0,,,,lam_mode=auto_tr,1.0395,0.181,0.0698,0.5037,50,256,0.01,0.001
2026-07-16T12:14:53,5,h5,msl_id14,MSL,0.1205,0.4074,,,200,10,1.0,2.0,1.0,,,,lam_mode=auto_tr,1.0388,0.1724,0.0664,0.5032,50,256,0.1,0.001
2026-07-16T12:17:14,5,h5,creditcard_id1,CreditCard,0.1728,0.9523,,,200,10,1.0,2.0,1.0,,,,lam_mode=auto_tr,6.543,0.0295,0.8537,0.8562,50,256,1.0,0.001
2026-07-16T12:17:15,5,h5,creditcard_id1,CreditCard,0.1727,0.9523,,,200,10,1.0,2.0,1.0,,,,lam_mode=auto_tr,6.5428,0.0295,0.8537,0.8575,50,256,0.1,0.001
2026-07-16T12:17:30,5,h5,creditcard_id1,CreditCard,0.1649,0.9394,,,200,10,1.0,2.0,1.0,,,,lam_mode=auto_tr,55.5741,0.03,0.8679,0.8961,50,256,0.001,0.01
2026-07-16T12:17:36,5,h5,creditcard_id1,CreditCard,0.0135,0.8355,,,200,10,1.0,2.0,1.0,,,,lam_mode=auto_tr,1.4159,0.0133,0.3841,0.8983,50,256,0.1,0.1
2026-07-16T12:17:38,5,h5,creditcard_id1,CreditCard,0.0114,0.8116,,,200,10,1.0,2.0,1.0,,,,lam_mode=auto_tr,1.4141,0.0109,0.315,0.8978,50,256,1.0,0.1
2026-07-16T12:17:39,5,h5,creditcard_id1,CreditCard,0.0026,0.3103,,,200,10,1.0,2.0,1.0,,,,lam_mode=auto_tr,0.9614,0.0011,0.0305,0.899,50,256,0.01,0.1
2026-07-16T12:17:40,5,h5,creditcard_id1,CreditCard,0.0077,0.5983,,,200,10,1.0,2.0,1.0,,,,lam_mode=auto_tr,1.2422,0.0053,0.1545,0.8989,50,256,0.001,0.1
2026-07-16T12:17:40,5,h5,creditcard_id1,CreditCard,0.1639,0.9268,,,200,10,1.0,2.0,1.0,,,,lam_mode=auto_tr,59.0286,0.03,0.8679,0.8969,50,256,0.01,0.01
2026-07-16T12:17:44,5,h5,creditcard_id1,CreditCard,0.1727,0.9523,,,200,10,1.0,2.0,1.0,,,,lam_mode=auto_tr,6.5404,0.0295,0.8537,0.8574,50,256,0.01,0.001
2026-07-16T12:17:51,5,h5,creditcard_id1,CreditCard,0.1639,0.9333,,,200,10,1.0,2.0,1.0,,,,lam_mode=auto_tr,59.3874,0.03,0.8679,0.8967,50,256,1.0,0.01
2026-07-16T12:17:55,5,h5,creditcard_id1,CreditCard,0.1638,0.9298,,,200,10,1.0,2.0,1.0,,,,lam_mode=auto_tr,59.3943,0.03,0.8679,0.8963,50,256,0.1,0.01
2026-07-16T12:18:46,5,h5,creditcard_id1,CreditCard,0.1727,0.9523,,,200,10,1.0,2.0,1.0,,,,lam_mode=auto_tr,6.5115,0.0295,0.8537,0.8599,50,256,0.001,0.001
2026-07-16T12:18:48,5,h5,msl_id14,MSL,0.1106,0.4045,,,200,10,1.0,2.0,1.0,,,,lam_mode=auto_tr,1.0558,0.1043,0.0399,0.4471,50,256,1.0,0.1
2026-07-16T12:18:49,5,h5,msl_id14,MSL,0.1396,0.4804,,,200,10,1.0,2.0,1.0,,,,lam_mode=auto_tr,1.3359,0.181,0.0698,0.4319,50,256,0.001,0.01
2026-07-16T12:18:50,5,h5,msl_id14,MSL,0.1512,0.513,,,200,10,1.0,2.0,1.0,,,,lam_mode=auto_tr,1.0726,0.181,0.0698,0.4528,50,256,0.001,0.1
2026-07-16T12:18:50,5,h5,msl_id14,MSL,0.1508,0.5407,,,200,10,1.0,2.0,1.0,,,,lam_mode=auto_tr,1.5926,0.1552,0.0598,0.4445,50,256,0.01,0.01
2026-07-16T12:18:50,5,h5,msl_id14,MSL,0.1198,0.4557,,,200,10,1.0,2.0,1.0,,,,lam_mode=auto_tr,0.9944,0.069,0.0266,0.4544,50,256,0.01,0.1
2026-07-16T12:18:50,5,h5,msl_id14,MSL,0.1548,0.555,,,200,10,1.0,2.0,1.0,,,,lam_mode=auto_tr,1.6553,0.1983,0.0764,0.4649,50,256,1.0,0.01
2026-07-16T12:18:50,5,h5,msl_id14,MSL,0.1505,0.538,,,200,10,1.0,2.0,1.0,,,,lam_mode=auto_tr,1.6531,0.1724,0.0664,0.4709,50,256,0.1,0.01
2026-07-16T12:18:51,5,h5,msl_id14,MSL,0.1151,0.4207,,,200,10,1.0,2.0,1.0,,,,lam_mode=auto_tr,1.0455,0.0948,0.0365,0.4902,50,256,0.1,0.1
2026-07-16T12:18:55,5,h5,msl_id6,MSL,0.1154,0.75,,,200,10,1.0,2.0,1.0,,,,lam_mode=auto_tr,3.4608,0.0457,0.0596,0.6526,50,256,0.01,0.001
2026-07-16T12:18:56,5,h5,msl_id6,MSL,0.1143,0.755,,,200,10,1.0,2.0,1.0,,,,lam_mode=auto_tr,3.3784,0.0558,0.0728,0.6373,50,256,0.001,0.001
2026-07-16T12:21:19,5,h5,msl_id6,MSL,0.1149,0.7453,,,200,10,1.0,2.0,1.0,,,,lam_mode=auto_tr,3.4752,0.0457,0.0596,0.6616,50,256,0.1,0.001
2026-07-16T12:21:20,5,h5,msl_id6,MSL,0.1142,0.7149,,,200,10,1.0,2.0,1.0,,,,lam_mode=auto_tr,2.9045,0.0457,0.0596,0.7583,50,256,0.1,0.01
2026-07-16T12:21:20,5,h5,msl_id6,MSL,0.1167,0.7793,,,200,10,1.0,2.0,1.0,,,,lam_mode=auto_tr,2.5543,0.0558,0.0728,0.8655,50,256,0.001,0.01
2026-07-16T12:21:20,5,h5,msl_id6,MSL,0.1412,0.8033,,,200,10,1.0,2.0,1.0,,,,lam_mode=auto_tr,2.7009,0.0508,0.0662,0.8212,50,256,0.01,0.01
2026-07-16T12:21:20,5,h5,msl_id6,MSL,0.1149,0.7468,,,200,10,1.0,2.0,1.0,,,,lam_mode=auto_tr,3.4755,0.0457,0.0596,0.6799,50,256,1.0,0.001
2026-07-16T12:22:47,5,h5,msl_id1,MSL,0.1435,0.6912,,,200,10,1.0,2.0,1.0,,,,lam_mode=auto_tr,3.7988,0.0435,0.3636,0.6563,50,256,0.1,0.001
2026-07-16T12:22:48,5,h5,msl_id1,MSL,0.147,0.6878,,,200,10,1.0,2.0,1.0,,,,lam_mode=auto_tr,3.7359,0.0543,0.4545,0.6563,50,256,0.001,0.001
2026-07-16T12:22:48,5,h5,msl_id1,MSL,0.0061,0.3573,,,200,10,1.0,2.0,1.0,,,,lam_mode=auto_tr,0.7448,0.0109,0.0909,0.7671,50,256,0.01,0.1
2026-07-16T12:22:48,5,h5,msl_id1,MSL,0.1435,0.6998,,,200,10,1.0,2.0,1.0,,,,lam_mode=auto_tr,11.738,0.0435,0.3636,0.7689,50,256,1.0,0.01
2026-07-16T12:22:48,5,h5,msl_id1,MSL,0.1421,0.6469,,,200,10,1.0,2.0,1.0,,,,lam_mode=auto_tr,11.8484,0.0326,0.2727,0.7302,50,256,0.1,0.01
2026-07-16T12:22:48,5,h5,msl_id1,MSL,0.145,0.669,,,200,10,1.0,2.0,1.0,,,,lam_mode=auto_tr,7.6031,0.0435,0.3636,0.7578,50,256,0.001,0.01
2026-07-16T12:22:48,5,h5,msl_id1,MSL,0.0054,0.3652,,,200,10,1.0,2.0,1.0,,,,lam_mode=auto_tr,0.758,0.0,0.0,0.7622,50,256,0.1,0.1
2026-07-16T12:22:48,5,h5,msl_id1,MSL,0.1443,0.7012,,,200,10,1.0,2.0,1.0,,,,lam_mode=auto_tr,3.7953,0.0435,0.3636,0.6636,50,256,0.01,0.001
2026-07-16T12:22:49,5,h5,msl_id1,MSL,0.1437,0.6911,,,200,10,1.0,2.0,1.0,,,,lam_mode=auto_tr,3.7993,0.0337,0.2727,0.6959,50,256,1.0,0.001
2026-07-16T12:22:49,5,h5,msl_id1,MSL,0.1427,0.6357,,,200,10,1.0,2.0,1.0,,,,lam_mode=auto_tr,11.238,0.0435,0.3636,0.7421,50,256,0.01,0.01
2026-07-16T12:22:50,5,h5,msl_id1,MSL,0.257,0.6527,,,200,10,1.0,2.0,1.0,,,,lam_mode=auto_tr,1.4663,0.0326,0.2727,0.7709,50,256,0.001,0.1
2026-07-16T12:22:56,5,h5,msl_id6,MSL,0.1156,0.734,,,200,10,1.0,2.0,1.0,,,,lam_mode=auto_tr,2.9112,0.0457,0.0596,0.828,50,256,1.0,0.01
2026-07-16T12:22:57,5,h5,msl_id6,MSL,0.0833,0.6997,,,200,10,1.0,2.0,1.0,,,,lam_mode=auto_tr,1.1424,0.1269,0.1656,0.9482,50,256,0.001,0.1
2026-07-16T12:22:57,5,h5,msl_id6,MSL,0.1008,0.7482,,,200,10,1.0,2.0,1.0,,,,lam_mode=auto_tr,1.403,0.1066,0.1391,0.8579,50,256,0.1,0.1
2026-07-16T12:22:57,5,h5,msl_id6,MSL,0.0349,0.4793,,,200,10,1.0,2.0,1.0,,,,lam_mode=auto_tr,0.6841,0.0051,0.0066,0.8556,50,256,1.0,0.1
2026-07-16T12:22:58,5,h5,msl_id6,MSL,0.423,0.9033,,,200,10,1.0,2.0,1.0,,,,lam_mode=auto_tr,2.0231,0.4619,0.6026,0.8887,50,256,0.01,0.1
2026-07-16T12:26:47,5,h5,msl_id1,MSL,0.0108,0.6926,,,200,10,1.0,2.0,1.0,,,,lam_mode=auto_tr,1.3482,0.0109,0.0909,0.7444,50,256,1.0,0.1
2026-07-16T12:26:50,5,h5,msl_id3,MSL,0.0816,0.6034,,,200,10,1.0,2.0,1.0,,,,lam_mode=auto_tr,2.2989,0.0984,0.0992,0.7803,50,256,0.1,0.001
2026-07-16T12:26:50,5,h5,msl_id3,MSL,0.083,0.6205,,,200,10,1.0,2.0,1.0,,,,lam_mode=auto_tr,2.2983,0.0984,0.0992,0.6962,50,256,0.01,0.001
2026-07-16T12:26:50,5,h5,msl_id3,MSL,0.0864,0.6427,,,200,10,1.0,2.0,1.0,,,,lam_mode=auto_tr,2.2984,0.0984,0.0992,0.7944,50,256,0.001,0.001
2026-07-16T12:30:50,5,h5,msl_id3,MSL,0.0772,0.5474,,,200,10,1.0,2.0,1.0,,,,lam_mode=auto_tr,3.2841,0.0984,0.0992,0.6884,50,256,0.1,0.01
2026-07-16T12:30:51,5,h5,msl_id3,MSL,0.0762,0.5296,,,200,10,1.0,2.0,1.0,,,,lam_mode=auto_tr,2.5053,0.0984,0.0992,0.7092,50,256,0.001,0.01
2026-07-16T12:30:51,5,h5,msl_id3,MSL,0.114,0.6915,,,200,10,1.0,2.0,1.0,,,,lam_mode=auto_tr,3.0124,0.0984,0.0992,0.6725,50,256,0.01,0.01
2026-07-16T12:33:32,5,h5,msl_id3,MSL,0.0819,0.6099,,,200,10,1.0,2.0,1.0,,,,lam_mode=auto_tr,2.2987,0.0984,0.0992,0.6712,50,256,1.0,0.001
2026-07-16T12:34:50,5,h5,msl_id3,MSL,0.0758,0.6356,,,200,10,1.0,2.0,1.0,,,,lam_mode=auto_tr,2.367,0.0656,0.0661,0.7006,50,256,0.1,0.1
2026-07-16T12:34:50,5,h5,msl_id3,MSL,0.1282,0.7018,,,200,10,1.0,2.0,1.0,,,,lam_mode=auto_tr,1.5586,0.1311,0.1322,0.794,50,256,0.01,0.1
2026-07-16T12:34:50,5,h5,msl_id3,MSL,0.1382,0.7111,,,200,10,1.0,2.0,1.0,,,,lam_mode=auto_tr,1.4228,0.2131,0.2149,0.8278,50,256,0.001,0.1
2026-07-16T12:34:55,5,h5,msl_id3,MSL,0.0758,0.5148,,,200,10,1.0,2.0,1.0,,,,lam_mode=auto_tr,3.2946,0.0984,0.0992,0.6579,50,256,1.0,0.01
2026-07-16T12:38:59,5,h5,msl_id3,MSL,0.0767,0.5936,,,200,10,1.0,2.0,1.0,,,,lam_mode=auto_tr,2.3622,0.0492,0.0496,0.6559,50,256,1.0,0.1
2026-07-16T12:39:10,5,h5,psm_id1,PSM,0.1516,0.6054,,,200,10,1.0,2.0,1.0,,,,lam_mode=auto_tr,1.1866,0.095,0.0424,0.6613,50,256,0.1,0.001
2026-07-16T12:39:16,5,h5,psm_id1,PSM,0.0984,0.4761,,,200,10,1.0,2.0,1.0,,,,lam_mode=auto_tr,0.975,0.0482,0.0215,0.6815,50,256,1.0,0.1
2026-07-16T12:39:24,5,h5,psm_id1,PSM,0.1516,0.6054,,,200,10,1.0,2.0,1.0,,,,lam_mode=auto_tr,1.1866,0.095,0.0424,0.6507,50,256,1.0,0.001
2026-07-16T12:39:25,5,h5,psm_id1,PSM,0.1459,0.5655,,,200,10,1.0,2.0,1.0,,,,lam_mode=auto_tr,2.5422,0.1166,0.052,0.6736,50,256,0.1,0.01
2026-07-16T12:39:26,5,h5,psm_id1,PSM,0.1529,0.5751,,,200,10,1.0,2.0,1.0,,,,lam_mode=auto_tr,2.5406,0.1168,0.0521,0.6889,50,256,0.01,0.01
2026-07-16T12:39:31,5,h5,psm_id1,PSM,0.1655,0.6078,,,200,10,1.0,2.0,1.0,,,,lam_mode=auto_tr,2.3144,0.1293,0.0577,0.6906,50,256,0.001,0.01
2026-07-16T12:39:31,5,h5,psm_id1,PSM,0.1448,0.564,,,200,10,1.0,2.0,1.0,,,,lam_mode=auto_tr,2.5451,0.1171,0.0523,0.6811,50,256,1.0,0.01
2026-07-16T12:39:35,5,h5,psm_id1,PSM,0.1516,0.6057,,,200,10,1.0,2.0,1.0,,,,lam_mode=auto_tr,1.1841,0.095,0.0424,0.6905,50,256,0.001,0.001
2026-07-16T12:39:37,5,h5,psm_id1,PSM,0.1516,0.6055,,,200,10,1.0,2.0,1.0,,,,lam_mode=auto_tr,1.1867,0.0949,0.0424,0.6433,50,256,0.01,0.001
2026-07-16T12:39:38,5,h5,psm_id1,PSM,0.1304,0.5262,,,200,10,1.0,2.0,1.0,,,,lam_mode=auto_tr,1.0429,0.1607,0.0717,0.6849,50,256,0.001,0.1
2026-07-16T12:39:40,5,h5,psm_id1,PSM,0.1142,0.5037,,,200,10,1.0,2.0,1.0,,,,lam_mode=auto_tr,1.0101,0.1171,0.0523,0.6808,50,256,0.01,0.1
2026-07-16T12:41:53,5,h5,msl_id13,MSL,0.0968,0.6251,,,200,10,1.0,2.0,1.0,,,,lam_mode=auto_tr,3.6473,0.1148,0.1934,0.7986,50,256,0.1,0.001
2026-07-16T12:41:53,5,h5,msl_id13,MSL,0.1021,0.6421,,,200,10,1.0,2.0,1.0,,,,lam_mode=auto_tr,3.6346,0.1311,0.221,0.8071,50,256,0.001,0.001
2026-07-16T12:41:56,5,h5,msl_id13,MSL,0.0998,0.6447,,,200,10,1.0,2.0,1.0,,,,lam_mode=auto_tr,3.6407,0.118,0.1989,0.8217,50,256,0.01,0.001
2026-07-16T12:42:36,5,h5,psm_id1,PSM,0.0985,0.477,,,200,10,1.0,2.0,1.0,,,,lam_mode=auto_tr,0.98,0.0495,0.0221,0.6764,50,256,0.1,0.1
2026-07-16T12:42:49,5,h5,msl_id11,MSL,0.1619,0.7204,,,200,10,1.0,2.0,1.0,,,,lam_mode=auto_tr,2.7887,0.2593,0.2772,0.7077,50,256,0.001,0.001
2026-07-16T12:42:50,5,h5,msl_id11,MSL,0.1463,0.7256,,,200,10,1.0,2.0,1.0,,,,lam_mode=auto_tr,3.3647,0.1204,0.1287,0.7239,50,256,0.01,0.01
2026-07-16T12:42:51,5,h5,msl_id11,MSL,0.1589,0.6793,,,200,10,1.0,2.0,1.0,,,,lam_mode=auto_tr,2.818,0.2617,0.2772,0.6888,50,256,1.0,0.001
2026-07-16T12:42:51,5,h5,msl_id11,MSL,0.1609,0.7176,,,200,10,1.0,2.0,1.0,,,,lam_mode=auto_tr,2.8179,0.2593,0.2772,0.6892,50,256,0.1,0.001
2026-07-16T12:42:51,5,h5,msl_id11,MSL,0.1538,0.7489,,,200,10,1.0,2.0,1.0,,,,lam_mode=auto_tr,3.0652,0.1944,0.2079,0.7037,50,256,0.001,0.01
2026-07-16T12:42:54,5,h5,msl_id11,MSL,0.1614,0.7268,,,200,10,1.0,2.0,1.0,,,,lam_mode=auto_tr,2.8105,0.2593,0.2772,0.6749,50,256,0.01,0.001
2026-07-16T12:43:03,5,h5,msl_id13,MSL,0.0967,0.6251,,,200,10,1.0,2.0,1.0,,,,lam_mode=auto_tr,3.6475,0.1151,0.1934,0.8269,50,256,1.0,0.001
2026-07-16T12:43:03,5,h5,msl_id13,MSL,0.0811,0.6565,,,200,10,1.0,2.0,1.0,,,,lam_mode=auto_tr,2.6138,0.1049,0.1768,0.8322,50,256,0.1,0.1
2026-07-16T12:43:04,5,h5,msl_id13,MSL,0.0854,0.6446,,,200,10,1.0,2.0,1.0,,,,lam_mode=auto_tr,5.2406,0.1148,0.1934,0.792,50,256,0.01,0.01
2026-07-16T12:43:04,5,h5,msl_id13,MSL,0.0902,0.6766,,,200,10,1.0,2.0,1.0,,,,lam_mode=auto_tr,4.7847,0.1344,0.2265,0.8204,50,256,0.001,0.01
2026-07-16T12:43:04,5,h5,msl_id13,MSL,0.1017,0.7391,,,200,10,1.0,2.0,1.0,,,,lam_mode=auto_tr,5.823,0.1115,0.1878,0.7875,50,256,0.1,0.01
2026-07-16T12:43:05,5,h5,msl_id13,MSL,0.0975,0.7268,,,200,10,1.0,2.0,1.0,,,,lam_mode=auto_tr,5.8189,0.1115,0.1878,0.7602,50,256,1.0,0.01
2026-07-16T12:43:08,5,h5,msl_id13,MSL,0.1313,0.5953,,,200,10,1.0,2.0,1.0,,,,lam_mode=auto_tr,2.3033,0.1508,0.2541,0.8276,50,256,0.001,0.1
2026-07-16T12:43:09,5,h5,msl_id13,MSL,0.1276,0.724,,,200,10,1.0,2.0,1.0,,,,lam_mode=auto_tr,2.1243,0.1803,0.3039,0.8065,50,256,0.01,0.1
2026-07-16T12:43:15,5,h5,msl_id13,MSL,0.0516,0.5666,,,200,10,1.0,2.0,1.0,,,,lam_mode=auto_tr,2.5825,0.059,0.0994,0.8246,50,256,1.0,0.1
2026-07-16T12:46:45,5,h5,msl_id15,MSL,0.1466,0.5615,,,200,10,1.0,2.0,1.0,,,,lam_mode=auto_tr,1.063,0.1636,0.0804,0.8,50,256,0.01,0.1
2026-07-16T12:46:45,5,h5,msl_id15,MSL,0.2205,0.5738,,,200,10,1.0,2.0,1.0,,,,lam_mode=auto_tr,2.2474,0.3818,0.1875,0.5712,50,256,0.001,0.001
2026-07-16T12:46:46,5,h5,msl_id15,MSL,0.2201,0.5758,,,200,10,1.0,2.0,1.0,,,,lam_mode=auto_tr,2.2727,0.3818,0.1875,0.5814,50,256,0.1,0.001
2026-07-16T12:46:46,5,h5,msl_id15,MSL,0.2572,0.7789,,,200,10,1.0,2.0,1.0,,,,lam_mode=auto_tr,3.4986,0.2909,0.1429,0.5953,50,256,1.0,0.01
2026-07-16T12:46:46,5,h5,msl_id15,MSL,0.1548,0.527,,,200,10,1.0,2.0,1.0,,,,lam_mode=auto_tr,1.1611,0.2727,0.1339,0.7157,50,256,0.001,0.1
2026-07-16T12:46:46,5,h5,msl_id15,MSL,0.2585,0.7761,,,200,10,1.0,2.0,1.0,,,,lam_mode=auto_tr,3.0985,0.2364,0.1161,0.6386,50,256,0.001,0.01
2026-07-16T12:46:46,5,h5,msl_id15,MSL,0.2201,0.5775,,,200,10,1.0,2.0,1.0,,,,lam_mode=auto_tr,2.2728,0.3818,0.1875,0.5195,50,256,1.0,0.001
2026-07-16T12:46:46,5,h5,msl_id15,MSL,0.2652,0.8063,,,200,10,1.0,2.0,1.0,,,,lam_mode=auto_tr,3.4194,0.2727,0.1339,0.5999,50,256,0.01,0.01
2026-07-16T12:46:47,5,h5,msl_id15,MSL,0.2839,0.8372,,,200,10,1.0,2.0,1.0,,,,lam_mode=auto_tr,3.4764,0.2727,0.1339,0.6583,50,256,0.1,0.01
2026-07-16T12:46:48,5,h5,msl_id15,MSL,0.2222,0.5984,,,200,10,1.0,2.0,1.0,,,,lam_mode=auto_tr,2.2707,0.3818,0.1875,0.5167,50,256,0.01,0.001
2026-07-16T12:46:49,5,h5,msl_id11,MSL,0.1689,0.828,,,200,10,1.0,2.0,1.0,,,,lam_mode=auto_tr,1.2173,0.2037,0.2178,0.8439,50,256,0.001,0.1
2026-07-16T12:46:51,5,h5,msl_id11,MSL,0.1496,0.748,,,200,10,1.0,2.0,1.0,,,,lam_mode=auto_tr,3.63,0.1204,0.1287,0.717,50,256,0.1,0.01
2026-07-16T12:46:52,5,h5,msl_id11,MSL,0.0798,0.6111,,,200,10,1.0,2.0,1.0,,,,lam_mode=auto_tr,1.1245,0.1852,0.198,0.7987,50,256,1.0,0.1
2026-07-16T12:46:52,5,h5,msl_id11,MSL,0.146,0.7726,,,200,10,1.0,2.0,1.0,,,,lam_mode=auto_tr,1.4992,0.1204,0.1287,0.7973,50,256,0.1,0.1
2026-07-16T12:46:52,5,h5,msl_id11,MSL,0.1457,0.7337,,,200,10,1.0,2.0,1.0,,,,lam_mode=auto_tr,3.6183,0.1204,0.1287,0.7037,50,256,1.0,0.01
2026-07-16T12:46:52,5,h5,msl_id11,MSL,0.1916,0.7397,,,200,10,1.0,2.0,1.0,,,,lam_mode=auto_tr,1.4999,0.3426,0.3663,0.7911,50,256,0.01,0.1
2026-07-16T12:50:46,5,h5,msl_id15,MSL,0.1109,0.4673,,,200,10,1.0,2.0,1.0,,,,lam_mode=auto_tr,0.9859,0.0727,0.0357,0.779,50,256,0.1,0.1
2026-07-16T12:50:46,5,h5,msl_id15,MSL,0.0989,0.4999,,,200,10,1.0,2.0,1.0,,,,lam_mode=auto_tr,0.7569,0.0182,0.0089,0.7733,50,256,1.0,0.1
2026-07-16T12:50:48,5,h5,msl_id16,MSL,0.2372,0.8113,,,200,10,1.0,2.0,1.0,,,,lam_mode=auto_tr,2.3814,0.1845,0.105,0.743,50,256,0.01,0.001
2026-07-16T12:50:48,5,h5,msl_id16,MSL,0.2406,0.8174,,,200,10,1.0,2.0,1.0,,,,lam_mode=auto_tr,2.368,0.1845,0.105,0.8963,50,256,0.001,0.001
2026-07-16T12:51:38,5,h5,swat_id1,SWaT,0.1317,0.4372,,,200,10,1.0,2.0,1.0,,,,lam_mode=auto_tr,2.05,0.2693,0.1017,0.6995,50,256,1.0,0.01
2026-07-16T12:51:38,5,h5,swat_id1,SWaT,0.1321,0.4413,,,200,10,1.0,2.0,1.0,,,,lam_mode=auto_tr,2.0504,0.268,0.1012,0.6859,50,256,0.1,0.01
2026-07-16T12:51:39,5,h5,swat_id1,SWaT,0.2641,0.7374,,,200,10,1.0,2.0,1.0,,,,lam_mode=auto_tr,1.1102,0.3,0.1133,0.6941,50,256,0.1,0.1
2026-07-16T12:51:39,5,h5,swat_id1,SWaT,0.1381,0.4752,,,200,10,1.0,2.0,1.0,,,,lam_mode=auto_tr,2.0469,0.268,0.1012,0.6924,50,256,0.01,0.01
2026-07-16T12:51:39,5,h5,swat_id1,SWaT,0.1956,0.669,,,200,10,1.0,2.0,1.0,,,,lam_mode=auto_tr,1.2224,0.088,0.0332,0.6698,50,256,0.001,0.001
2026-07-16T12:51:39,5,h5,swat_id1,SWaT,0.1403,0.5078,,,200,10,1.0,2.0,1.0,,,,lam_mode=auto_tr,1.0007,0.1693,0.0639,0.705,50,256,0.001,0.1
2026-07-16T12:51:40,5,h5,swat_id1,SWaT,0.1957,0.6692,,,200,10,1.0,2.0,1.0,,,,lam_mode=auto_tr,1.2233,0.088,0.0332,0.6873,50,256,0.01,0.001
2026-07-16T12:51:40,5,h5,swat_id1,SWaT,0.1957,0.6692,,,200,10,1.0,2.0,1.0,,,,lam_mode=auto_tr,1.2233,0.088,0.0332,0.7125,50,256,0.1,0.001
2026-07-16T12:51:40,5,h5,swat_id1,SWaT,0.2669,0.7403,,,200,10,1.0,2.0,1.0,,,,lam_mode=auto_tr,1.1137,0.3,0.1133,0.7081,50,256,1.0,0.1
2026-07-16T12:51:41,5,h5,swat_id1,SWaT,0.1494,0.5224,,,200,10,1.0,2.0,1.0,,,,lam_mode=auto_tr,1.9378,0.252,0.0952,0.7045,50,256,0.001,0.01
2026-07-16T12:51:41,5,h5,swat_id1,SWaT,0.163,0.5581,,,200,10,1.0,2.0,1.0,,,,lam_mode=auto_tr,1.0292,0.212,0.0801,0.6664,50,256,0.01,0.1
2026-07-16T12:51:42,5,h5,swat_id1,SWaT,0.1957,0.6692,,,200,10,1.0,2.0,1.0,,,,lam_mode=auto_tr,1.2233,0.088,0.0332,0.6975,50,256,1.0,0.001
2026-07-16T12:54:48,5,h5,msl_id16,MSL,0.2368,0.8091,,,200,10,1.0,2.0,1.0,,,,lam_mode=auto_tr,2.3858,0.1845,0.105,0.741,50,256,0.1,0.001
2026-07-16T12:54:48,5,h5,msl_id16,MSL,0.3582,0.8921,,,200,10,1.0,2.0,1.0,,,,lam_mode=auto_tr,2.0284,0.2816,0.1602,0.7101,50,256,0.1,0.1
2026-07-16T12:54:49,5,h5,msl_id16,MSL,0.1283,0.6503,,,200,10,1.0,2.0,1.0,,,,lam_mode=auto_tr,1.557,0.1068,0.0608,0.6865,50,256,1.0,0.01
2026-07-16T12:54:49,5,h5,msl_id16,MSL,0.2334,0.6758,,,200,10,1.0,2.0,1.0,,,,lam_mode=auto_tr,1.3013,0.3495,0.1989,0.6543,50,256,0.01,0.1
2026-07-16T12:54:49,5,h5,msl_id16,MSL,0.3768,0.8847,,,200,10,1.0,2.0,1.0,,,,lam_mode=auto_tr,2.6442,0.3689,0.2099,0.7148,50,256,1.0,0.1
2026-07-16T12:54:49,5,h5,msl_id16,MSL,0.0938,0.4221,,,200,10,1.0,2.0,1.0,,,,lam_mode=auto_tr,1.4793,0.1068,0.0608,0.6895,50,256,0.01,0.01
2026-07-16T12:54:49,5,h5,msl_id16,MSL,0.1382,0.6429,,,200,10,1.0,2.0,1.0,,,,lam_mode=auto_tr,1.5567,0.1068,0.0608,0.7063,50,256,0.001,0.01
2026-07-16T12:54:49,5,h5,msl_id16,MSL,0.237,0.8115,,,200,10,1.0,2.0,1.0,,,,lam_mode=auto_tr,2.386,0.1845,0.105,0.7902,50,256,1.0,0.001
2026-07-16T12:54:50,5,h5,msl_id16,MSL,0.1458,0.7077,,,200,10,1.0,2.0,1.0,,,,lam_mode=auto_tr,1.5567,0.1068,0.0608,0.7001,50,256,0.1,0.01
2026-07-16T12:54:51,5,h5,msl_id16,MSL,0.2015,0.7549,,,200,10,1.0,2.0,1.0,,,,lam_mode=auto_tr,1.1916,0.2039,0.116,0.6801,50,256,0.001,0.1
2026-07-16T13:05:35,5,h5,gecco_id1,GECCO,0.4161,0.9173,,,200,10,1.0,2.0,1.0,,,,lam_mode=auto_tr,5.6431,0.1597,0.6408,0.82,50,256,0.1,0.001
2026-07-16T13:06:04,5,h5,gecco_id1,GECCO,0.4163,0.9174,,,200,10,1.0,2.0,1.0,,,,lam_mode=auto_tr,5.638,0.1598,0.6414,0.7934,50,256,0.01,0.001
2026-07-16T13:06:05,5,h5,gecco_id1,GECCO,0.422,0.9215,,,200,10,1.0,2.0,1.0,,,,lam_mode=auto_tr,5.2167,0.1616,0.6483,0.6549,50,256,0.001,0.001
2026-07-16T13:06:09,5,h5,gecco_id1,GECCO,0.4161,0.9173,,,200,10,1.0,2.0,1.0,,,,lam_mode=auto_tr,5.6431,0.1597,0.6408,0.812,50,256,1.0,0.001
2026-07-16T13:13:31,5,h5,gecco_id1,GECCO,0.3894,0.7702,,,200,10,1.0,2.0,1.0,,,,lam_mode=auto_tr,102.3078,0.1465,0.5881,0.9722,50,256,0.1,0.01
2026-07-16T13:14:01,5,h5,gecco_id1,GECCO,0.5749,0.9698,,,200,10,1.0,2.0,1.0,,,,lam_mode=auto_tr,53.7065,0.2219,0.8905,0.9001,50,256,0.001,0.01
2026-07-16T13:14:02,5,h5,gecco_id1,GECCO,0.3972,0.7939,,,200,10,1.0,2.0,1.0,,,,lam_mode=auto_tr,102.602,0.1513,0.6072,0.9754,50,256,0.01,0.01
2026-07-16T13:14:44,5,h5,gecco_id1,GECCO,0.3888,0.7553,,,200,10,1.0,2.0,1.0,,,,lam_mode=auto_tr,105.3265,0.1465,0.5881,0.9784,50,256,1.0,0.01
2026-07-16T13:21:10,5,h5,gecco_id1,GECCO,0.0844,0.6517,,,200,10,1.0,2.0,1.0,,,,lam_mode=auto_tr,2.6122,0.0406,0.1628,0.9753,50,256,0.1,0.1
2026-07-16T13:21:37,5,h5,gecco_id1,GECCO,0.0705,0.5339,,,200,10,1.0,2.0,1.0,,,,lam_mode=auto_tr,2.2902,0.0271,0.1089,0.9765,50,256,0.01,0.1
2026-07-16T13:21:39,5,h5,gecco_id1,GECCO,0.5947,0.9367,,,200,10,1.0,2.0,1.0,,,,lam_mode=auto_tr,14.9566,0.1995,0.8007,0.9284,50,256,0.001,0.1
2026-07-16T13:23:09,5,h5,opportunity_id5,OPPORTUNITY,0.9474,0.9983,,,200,10,1.0,2.0,1.0,,,,lam_mode=auto_tr,4.7735,0.9713,0.7063,0.8965,50,256,0.001,0.001
2026-07-16T13:23:11,5,h5,opportunity_id5,OPPORTUNITY,0.9475,0.9983,,,200,10,1.0,2.0,1.0,,,,lam_mode=auto_tr,4.7766,0.9713,0.7063,0.8902,50,256,0.1,0.001
2026-07-16T13:23:15,5,h5,opportunity_id5,OPPORTUNITY,0.9474,0.9983,,,200,10,1.0,2.0,1.0,,,,lam_mode=auto_tr,4.7763,0.9713,0.7063,0.8908,50,256,0.01,0.001
2026-07-16T13:24:57,5,h5,gecco_id1,GECCO,0.0793,0.6393,,,200,10,1.0,2.0,1.0,,,,lam_mode=auto_tr,3.356,0.0435,0.1744,0.9756,50,256,1.0,0.1
2026-07-16T13:27:09,5,h5,opportunity_id5,OPPORTUNITY,0.5559,0.9727,,,200,10,1.0,2.0,1.0,,,,lam_mode=auto_tr,10.5468,0.5415,0.3937,0.9385,50,256,0.1,0.01
2026-07-16T13:27:09,5,h5,opportunity_id5,OPPORTUNITY,0.9475,0.9983,,,200,10,1.0,2.0,1.0,,,,lam_mode=auto_tr,4.7767,0.9713,0.7063,0.8887,50,256,1.0,0.001
2026-07-16T13:27:11,5,h5,opportunity_id5,OPPORTUNITY,0.5547,0.9726,,,200,10,1.0,2.0,1.0,,,,lam_mode=auto_tr,10.3876,0.5415,0.3937,0.9397,50,256,0.001,0.01
2026-07-16T13:27:11,5,h5,opportunity_id5,OPPORTUNITY,0.5559,0.9727,,,200,10,1.0,2.0,1.0,,,,lam_mode=auto_tr,10.5076,0.5444,0.3958,0.9458,50,256,0.01,0.01
2026-07-16T13:27:56,5,h5,swat_id2,SWaT,0.8035,0.9001,,,200,10,1.0,2.0,1.0,,,,lam_mode=auto_tr,4.1761,0.9951,0.397,0.7505,50,256,1.0,0.001
2026-07-16T13:28:09,5,h5,swat_id2,SWaT,0.8035,0.9002,,,200,10,1.0,2.0,1.0,,,,lam_mode=auto_tr,4.1757,0.9951,0.397,0.6617,50,256,0.01,0.001
2026-07-16T13:28:20,5,h5,swat_id2,SWaT,0.8035,0.9001,,,200,10,1.0,2.0,1.0,,,,lam_mode=auto_tr,4.1512,0.9951,0.397,0.658,50,256,0.001,0.001
2026-07-16T13:28:27,5,h5,swat_id2,SWaT,0.5823,0.8785,,,200,10,1.0,2.0,1.0,,,,lam_mode=auto_tr,5.0019,0.6818,0.272,0.8637,50,256,0.001,0.01
2026-07-16T13:28:31,5,h5,swat_id2,SWaT,0.5948,0.8819,,,200,10,1.0,2.0,1.0,,,,lam_mode=auto_tr,5.1266,0.7017,0.28,0.7941,50,256,0.01,0.01
2026-07-16T13:28:57,5,h5,swat_id2,SWaT,0.8035,0.9002,,,200,10,1.0,2.0,1.0,,,,lam_mode=auto_tr,4.1761,0.9951,0.397,0.6639,50,256,0.1,0.001
2026-07-16T13:30:50,5,h5,tao_id5,TAO,1.0,1.0,,,200,10,1.0,2.0,1.0,,,,lam_mode=auto_tr,13.5852,1.0,0.5241,0.9414,50,256,1.0,0.001
2026-07-16T13:30:52,5,h5,tao_id5,TAO,1.0,1.0,,,200,10,1.0,2.0,1.0,,,,lam_mode=auto_tr,13.4809,1.0,0.5241,0.935,50,256,0.01,0.001
2026-07-16T13:30:52,5,h5,tao_id5,TAO,0.9932,0.9969,,,200,10,1.0,2.0,1.0,,,,lam_mode=auto_tr,33.8634,1.0,0.5241,0.7203,50,256,0.001,0.01
2026-07-16T13:30:52,5,h5,tao_id5,TAO,1.0,1.0,,,200,10,1.0,2.0,1.0,,,,lam_mode=auto_tr,9.4064,1.0,0.5241,0.6984,50,256,0.001,0.001
2026-07-16T13:30:53,5,h5,tao_id5,TAO,1.0,1.0,,,200,10,1.0,2.0,1.0,,,,lam_mode=auto_tr,13.5868,1.0,0.5241,0.9368,50,256,0.1,0.001
2026-07-16T13:31:09,5,h5,opportunity_id5,OPPORTUNITY,0.6429,0.976,,,200,10,1.0,2.0,1.0,,,,lam_mode=auto_tr,1.8106,0.6762,0.4917,0.9369,50,256,0.01,0.1
2026-07-16T13:31:10,5,h5,opportunity_id5,OPPORTUNITY,0.5559,0.9727,,,200,10,1.0,2.0,1.0,,,,lam_mode=auto_tr,10.5501,0.5415,0.3937,0.9361,50,256,1.0,0.01
2026-07-16T13:31:11,5,h5,opportunity_id5,OPPORTUNITY,0.7028,0.9782,,,200,10,1.0,2.0,1.0,,,,lam_mode=auto_tr,1.8036,0.7049,0.5125,0.9404,50,256,1.0,0.1
2026-07-16T13:31:13,5,h5,opportunity_id5,OPPORTUNITY,0.7057,0.9784,,,200,10,1.0,2.0,1.0,,,,lam_mode=auto_tr,1.7998,0.7192,0.5229,0.9371,50,256,0.1,0.1
2026-07-16T13:31:14,5,h5,opportunity_id5,OPPORTUNITY,0.4012,0.939,,,200,10,1.0,2.0,1.0,,,,lam_mode=auto_tr,1.2336,0.4413,0.3208,0.9374,50,256,0.001,0.1
2026-07-16T13:31:58,5,h5,swat_id2,SWaT,0.5952,0.8808,,,200,10,1.0,2.0,1.0,,,,lam_mode=auto_tr,5.2192,0.7023,0.2802,0.8018,50,256,0.1,0.01
2026-07-16T13:32:13,5,h5,swat_id2,SWaT,0.1363,0.4561,,,200,10,1.0,2.0,1.0,,,,lam_mode=auto_tr,1.0022,0.2004,0.08,0.8742,50,256,0.01,0.1
2026-07-16T13:32:17,5,h5,swat_id2,SWaT,0.1648,0.5125,,,200,10,1.0,2.0,1.0,,,,lam_mode=auto_tr,1.0757,0.2486,0.0992,0.883,50,256,0.001,0.1
2026-07-16T13:32:28,5,h5,swat_id2,SWaT,0.6021,0.795,,,200,10,1.0,2.0,1.0,,,,lam_mode=auto_tr,1.2983,0.8479,0.3383,0.8728,50,256,0.1,0.1
2026-07-16T13:32:49,5,h5,swat_id2,SWaT,0.5943,0.8781,,,200,10,1.0,2.0,1.0,,,,lam_mode=auto_tr,5.2025,0.7025,0.2803,0.8741,50,256,1.0,0.01
2026-07-16T13:33:02,5,h5,swat_id2,SWaT,0.6205,0.7926,,,200,10,1.0,2.0,1.0,,,,lam_mode=auto_tr,1.3133,0.8791,0.3507,0.8731,50,256,1.0,0.1
2026-07-16T13:34:50,5,h5,tao_id5,TAO,0.9307,0.9583,,,200,10,1.0,2.0,1.0,,,,lam_mode=auto_tr,29.9874,0.996,0.522,0.9262,50,256,0.01,0.01
2026-07-16T13:34:50,5,h5,tao_id9,TAO,0.993,0.9974,,,200,10,1.0,2.0,1.0,,,,lam_mode=auto_tr,50.184,0.958,0.9917,0.735,50,256,0.001,0.1
2026-07-16T13:34:51,5,h5,tao_id9,TAO,1.0,1.0,,,200,10,1.0,2.0,1.0,,,,lam_mode=auto_tr,13.1806,0.966,1.0,0.7318,50,256,0.001,0.001
2026-07-16T13:34:53,5,h5,tao_id9,TAO,0.999,1.0,,,200,10,1.0,2.0,1.0,,,,lam_mode=auto_tr,136.2132,0.966,1.0,0.9044,50,256,1.0,0.01
2026-07-16T13:34:53,5,h5,tao_id9,TAO,0.9988,0.9999,,,200,10,1.0,2.0,1.0,,,,lam_mode=auto_tr,167.0399,0.966,1.0,0.9009,50,256,0.01,0.01
2026-07-16T13:34:53,5,h5,tao_id5,TAO,0.12,0.5242,,,200,10,1.0,2.0,1.0,,,,lam_mode=auto_tr,1.0207,0.158,0.0828,0.9399,50,256,0.1,0.1
2026-07-16T13:34:53,5,h5,tao_id5,TAO,0.7916,0.869,,,200,10,1.0,2.0,1.0,,,,lam_mode=auto_tr,15.5098,0.998,0.5231,0.9231,50,256,1.0,0.01
2026-07-16T13:34:53,5,h5,tao_id9,TAO,1.0,1.0,,,200,10,1.0,2.0,1.0,,,,lam_mode=auto_tr,18.267,0.966,1.0,0.8992,50,256,0.1,0.001
2026-07-16T13:34:53,5,h5,tao_id9,TAO,0.9997,1.0,,,200,10,1.0,2.0,1.0,,,,lam_mode=auto_tr,32.0263,0.964,0.9979,0.715,50,256,0.001,0.01
2026-07-16T13:34:53,5,h5,tao_id9,TAO,1.0,1.0,,,200,10,1.0,2.0,1.0,,,,lam_mode=auto_tr,18.1757,0.966,1.0,0.9027,50,256,0.01,0.001
2026-07-16T13:34:53,5,h5,tao_id9,TAO,1.0,1.0,,,200,10,1.0,2.0,1.0,,,,lam_mode=auto_tr,18.2757,0.966,1.0,0.916,50,256,1.0,0.001
2026-07-16T13:34:54,5,h5,tao_id5,TAO,0.9919,0.9935,,,200,10,1.0,2.0,1.0,,,,lam_mode=auto_tr,38.5297,1.0,0.5241,0.6965,50,256,0.001,0.1
2026-07-16T13:34:54,5,h5,tao_id5,TAO,0.8988,0.9394,,,200,10,1.0,2.0,1.0,,,,lam_mode=auto_tr,18.8858,0.998,0.5231,0.9237,50,256,0.1,0.01
2026-07-16T13:34:54,5,h5,tao_id9,TAO,0.9989,1.0,,,200,10,1.0,2.0,1.0,,,,lam_mode=auto_tr,149.2331,0.966,1.0,0.9103,50,256,0.1,0.01
2026-07-16T13:34:55,5,h5,tao_id5,TAO,0.1672,0.679,,,200,10,1.0,2.0,1.0,,,,lam_mode=auto_tr,1.4339,0.274,0.1436,0.9407,50,256,1.0,0.1
2026-07-16T13:34:55,5,h5,tao_id5,TAO,0.1293,0.5427,,,200,10,1.0,2.0,1.0,,,,lam_mode=auto_tr,1.0585,0.188,0.0985,0.945,50,256,0.01,0.1
2026-07-16T13:38:48,5,h5,tao_id9,TAO,0.0616,0.5297,,,200,10,1.0,2.0,1.0,,,,lam_mode=auto_tr,1.0351,0.082,0.0849,0.9303,50,256,0.01,0.1
2026-07-16T13:38:48,5,h5,tao_id1,TAO,0.9998,1.0,,,200,10,1.0,2.0,1.0,,,,lam_mode=auto_tr,52.0265,0.978,0.9939,0.682,50,256,0.001,0.01
2026-07-16T13:38:50,5,h5,tao_id1,TAO,0.078,0.5342,,,200,10,1.0,2.0,1.0,,,,lam_mode=auto_tr,1.0509,0.11,0.1118,0.9314,50,256,0.01,0.1
2026-07-16T13:38:50,5,h5,tao_id1,TAO,0.0638,0.5596,,,200,10,1.0,2.0,1.0,,,,lam_mode=auto_tr,1.0157,0.124,0.126,0.9243,50,256,1.0,0.1
2026-07-16T13:38:51,5,h5,tao_id1,TAO,0.9924,0.9936,,,200,10,1.0,2.0,1.0,,,,lam_mode=auto_tr,49.5947,0.976,0.9919,0.6994,50,256,0.001,0.1
2026-07-16T13:38:51,5,h5,tao_id1,TAO,1.0,1.0,,,200,10,1.0,2.0,1.0,,,,lam_mode=auto_tr,18.0576,0.984,1.0,0.8989,50,256,0.1,0.001
2026-07-16T13:38:51,5,h5,tao_id1,TAO,1.0,1.0,,,200,10,1.0,2.0,1.0,,,,lam_mode=auto_tr,18.0475,0.984,1.0,0.9046,50,256,1.0,0.001
2026-07-16T13:38:51,5,h5,tao_id1,TAO,1.0,1.0,,,200,10,1.0,2.0,1.0,,,,lam_mode=auto_tr,17.9839,0.984,1.0,0.9089,50,256,0.01,0.001
2026-07-16T13:38:51,5,h5,tao_id9,TAO,0.0532,0.5593,,,200,10,1.0,2.0,1.0,,,,lam_mode=auto_tr,1.0976,0.066,0.0683,0.9292,50,256,1.0,0.1
2026-07-16T13:38:51,5,h5,tao_id1,TAO,0.0616,0.505,,,200,10,1.0,2.0,1.0,,,,lam_mode=auto_tr,1.0029,0.096,0.0976,0.927,50,256,0.1,0.1
2026-07-16T13:38:51,5,h5,tao_id1,TAO,0.9981,0.9999,,,200,10,1.0,2.0,1.0,,,,lam_mode=auto_tr,154.3756,0.984,1.0,0.9028,50,256,0.01,0.01
2026-07-16T13:38:51,5,h5,tao_id3,TAO,1.0,1.0,,,200,10,1.0,2.0,1.0,,,,lam_mode=auto_tr,13.0676,0.976,1.0,0.6888,50,256,0.001,0.001
2026-07-16T13:38:53,5,h5,tao_id1,TAO,0.9983,0.9999,,,200,10,1.0,2.0,1.0,,,,lam_mode=auto_tr,128.2587,0.984,1.0,0.9033,50,256,1.0,0.01
2026-07-16T13:38:53,5,h5,tao_id9,TAO,0.0587,0.4891,,,200,10,1.0,2.0,1.0,,,,lam_mode=auto_tr,0.9852,0.08,0.0828,0.9297,50,256,0.1,0.1
2026-07-16T13:38:53,5,h5,tao_id1,TAO,1.0,1.0,,,200,10,1.0,2.0,1.0,,,,lam_mode=auto_tr,11.7745,0.984,1.0,0.7568,50,256,0.001,0.001
2026-07-16T13:38:54,5,h5,tao_id1,TAO,0.9983,0.9999,,,200,10,1.0,2.0,1.0,,,,lam_mode=auto_tr,144.8065,0.984,1.0,0.9018,50,256,0.1,0.01
2026-07-16T13:42:49,5,h5,tao_id3,TAO,0.9988,0.9999,,,200,10,1.0,2.0,1.0,,,,lam_mode=auto_tr,148.9578,0.976,1.0,0.909,50,256,0.1,0.01
2026-07-16T13:42:50,5,h5,tao_id3,TAO,0.3119,0.7697,,,200,10,1.0,2.0,1.0,,,,lam_mode=auto_tr,1.7253,0.472,0.4836,0.9285,50,256,1.0,0.1
2026-07-16T13:42:50,5,h5,tao_id3,TAO,0.9998,1.0,,,200,10,1.0,2.0,1.0,,,,lam_mode=auto_tr,40.4117,0.974,0.998,0.674,50,256,0.001,0.01
2026-07-16T13:42:50,5,h5,tao_id3,TAO,1.0,1.0,,,200,10,1.0,2.0,1.0,,,,lam_mode=auto_tr,18.1514,0.976,1.0,0.9057,50,256,0.01,0.001
2026-07-16T13:42:51,5,h5,tao_id3,TAO,0.9945,0.997,,,200,10,1.0,2.0,1.0,,,,lam_mode=auto_tr,51.1985,0.97,0.9939,0.72,50,256,0.001,0.1
2026-07-16T13:42:52,5,h5,tao_id12,TAO,1.0,1.0,,,200,10,1.0,2.0,1.0,,,,lam_mode=auto_tr,18.2621,0.97,1.0,0.9169,50,256,1.0,0.001
2026-07-16T13:42:53,5,h5,tao_id12,TAO,1.0,1.0,,,200,10,1.0,2.0,1.0,,,,lam_mode=auto_tr,18.2075,0.97,1.0,0.9254,50,256,0.01,0.001
2026-07-16T13:42:53,5,h5,tao_id3,TAO,0.9986,0.9999,,,200,10,1.0,2.0,1.0,,,,lam_mode=auto_tr,158.4516,0.976,1.0,0.9005,50,256,0.01,0.01
2026-07-16T13:42:53,5,h5,tao_id12,TAO,1.0,1.0,,,200,10,1.0,2.0,1.0,,,,lam_mode=auto_tr,13.1567,0.97,1.0,0.6391,50,256,0.001,0.001
2026-07-16T13:42:53,5,h5,tao_id3,TAO,0.0733,0.5607,,,200,10,1.0,2.0,1.0,,,,lam_mode=auto_tr,1.0547,0.108,0.1107,0.9215,50,256,0.1,0.1
2026-07-16T13:42:53,5,h5,tao_id3,TAO,1.0,1.0,,,200,10,1.0,2.0,1.0,,,,lam_mode=auto_tr,18.2094,0.976,1.0,0.9015,50,256,1.0,0.001
2026-07-16T13:42:53,5,h5,tao_id3,TAO,1.0,1.0,,,200,10,1.0,2.0,1.0,,,,lam_mode=auto_tr,18.2087,0.976,1.0,0.9222,50,256,0.1,0.001
2026-07-16T13:42:54,5,h5,tao_id3,TAO,0.0644,0.535,,,200,10,1.0,2.0,1.0,,,,lam_mode=auto_tr,1.0421,0.09,0.0922,0.9297,50,256,0.01,0.1
2026-07-16T13:42:55,5,h5,tao_id3,TAO,0.9988,0.9999,,,200,10,1.0,2.0,1.0,,,,lam_mode=auto_tr,130.6307,0.976,1.0,0.9043,50,256,1.0,0.01
2026-07-16T13:42:55,5,h5,tao_id12,TAO,1.0,1.0,,,200,10,1.0,2.0,1.0,,,,lam_mode=auto_tr,18.2604,0.97,1.0,0.9169,50,256,0.1,0.001
2026-07-16T13:43:26,5,h5,tao_id12,TAO,0.9999,1.0,,,200,10,1.0,2.0,1.0,,,,lam_mode=auto_tr,39.2329,0.97,1.0,0.7029,50,256,0.001,0.01
2026-07-16T13:46:51,5,h5,tao_id12,TAO,0.9983,0.9999,,,200,10,1.0,2.0,1.0,,,,lam_mode=auto_tr,162.2554,0.97,1.0,0.9008,50,256,0.01,0.01
2026-07-16T13:46:51,5,h5,tao_id4,TAO,1.0,1.0,,,200,10,1.0,2.0,1.0,,,,lam_mode=auto_tr,9.2969,1.0,0.5291,0.7171,50,256,0.001,0.001
2026-07-16T13:46:52,5,h5,tao_id4,TAO,0.7836,0.8189,,,200,10,1.0,2.0,1.0,,,,lam_mode=auto_tr,16.1935,0.998,0.528,0.9268,50,256,1.0,0.01
2026-07-16T13:46:53,5,h5,tao_id12,TAO,0.0545,0.4905,,,200,10,1.0,2.0,1.0,,,,lam_mode=auto_tr,0.9917,0.07,0.0722,0.9243,50,256,0.1,0.1
2026-07-16T13:46:54,5,h5,tao_id12,TAO,0.0741,0.5284,,,200,10,1.0,2.0,1.0,,,,lam_mode=auto_tr,1.0418,0.106,0.1093,0.9308,50,256,0.01,0.1
2026-07-16T13:46:54,5,h5,tao_id4,TAO,1.0,1.0,,,200,10,1.0,2.0,1.0,,,,lam_mode=auto_tr,13.6487,1.0,0.5291,0.9394,50,256,0.1,0.001
2026-07-16T13:46:54,5,h5,tao_id4,TAO,0.9012,0.9426,,,200,10,1.0,2.0,1.0,,,,lam_mode=auto_tr,29.0422,0.994,0.5259,0.9252,50,256,0.01,0.01
2026-07-16T13:46:54,5,h5,tao_id4,TAO,0.814,0.8819,,,200,10,1.0,2.0,1.0,,,,lam_mode=auto_tr,19.654,0.998,0.528,0.9241,50,256,0.1,0.01
2026-07-16T13:46:54,5,h5,tao_id12,TAO,0.054,0.5818,,,200,10,1.0,2.0,1.0,,,,lam_mode=auto_tr,1.2392,0.046,0.0474,0.9279,50,256,1.0,0.1
2026-07-16T13:46:54,5,h5,tao_id4,TAO,1.0,1.0,,,200,10,1.0,2.0,1.0,,,,lam_mode=auto_tr,13.5848,1.0,0.5291,0.9388,50,256,0.01,0.001
2026-07-16T13:46:54,5,h5,tao_id4,TAO,0.9951,0.997,,,200,10,1.0,2.0,1.0,,,,lam_mode=auto_tr,30.8664,1.0,0.5291,0.6796,50,256,0.001,0.01
2026-07-16T13:46:54,5,h5,tao_id12,TAO,0.9989,0.9999,,,200,10,1.0,2.0,1.0,,,,lam_mode=auto_tr,131.5667,0.97,1.0,0.9093,50,256,1.0,0.01
2026-07-16T13:46:54,5,h5,tao_id12,TAO,0.9943,0.9959,,,200,10,1.0,2.0,1.0,,,,lam_mode=auto_tr,51.6378,0.964,0.9938,0.7088,50,256,0.001,0.1
2026-07-16T13:46:55,5,h5,tao_id4,TAO,1.0,1.0,,,200,10,1.0,2.0,1.0,,,,lam_mode=auto_tr,13.6457,1.0,0.5291,0.9375,50,256,1.0,0.001
2026-07-16T13:46:55,5,h5,tao_id12,TAO,0.9989,0.9999,,,200,10,1.0,2.0,1.0,,,,lam_mode=auto_tr,149.0662,0.97,1.0,0.9072,50,256,0.1,0.01
2026-07-16T13:49:13,5,h5,tao_id4,TAO,0.9949,0.9965,,,200,10,1.0,2.0,1.0,,,,lam_mode=auto_tr,41.0441,1.0,0.5291,0.7197,50,256,0.001,0.1
2026-07-16T13:50:49,5,h5,tao_id7,TAO,0.9954,0.9982,,,200,10,1.0,2.0,1.0,,,,lam_mode=auto_tr,32.6531,1.0,0.5274,0.6999,50,256,0.001,0.01
2026-07-16T13:50:50,5,h5,tao_id11,TAO,1.0,1.0,,,200,10,1.0,2.0,1.0,,,,lam_mode=auto_tr,9.2895,1.0,0.5214,0.7328,50,256,0.001,0.001
2026-07-16T13:50:50,5,h5,tao_id4,TAO,0.1225,0.5475,,,200,10,1.0,2.0,1.0,,,,lam_mode=auto_tr,1.0551,0.174,0.0921,0.9471,50,256,0.01,0.1
2026-07-16T13:50:51,5,h5,tao_id7,TAO,0.2299,0.7627,,,200,10,1.0,2.0,1.0,,,,lam_mode=auto_tr,1.5879,0.36,0.1899,0.9423,50,256,1.0,0.1
2026-07-16T13:50:51,5,h5,tao_id7,TAO,0.9946,0.9954,,,200,10,1.0,2.0,1.0,,,,lam_mode=auto_tr,39.5959,1.0,0.5274,0.705,50,256,0.001,0.1
2026-07-16T13:50:51,5,h5,tao_id7,TAO,0.1276,0.5429,,,200,10,1.0,2.0,1.0,,,,lam_mode=auto_tr,1.0583,0.174,0.0918,0.9446,50,256,0.01,0.1
2026-07-16T13:50:52,5,h5,tao_id7,TAO,0.1014,0.4889,,,200,10,1.0,2.0,1.0,,,,lam_mode=auto_tr,0.9903,0.126,0.0665,0.9387,50,256,0.1,0.1
2026-07-16T13:50:52,5,h5,tao_id7,TAO,0.6706,0.7971,,,200,10,1.0,2.0,1.0,,,,lam_mode=auto_tr,11.6142,0.998,0.5264,0.9255,50,256,1.0,0.01
2026-07-16T13:50:52,5,h5,tao_id7,TAO,1.0,1.0,,,200,10,1.0,2.0,1.0,,,,lam_mode=auto_tr,13.5669,1.0,0.5274,0.9431,50,256,0.01,0.001
2026-07-16T13:50:52,5,h5,tao_id7,TAO,1.0,1.0,,,200,10,1.0,2.0,1.0,,,,lam_mode=auto_tr,13.6409,1.0,0.5274,0.9426,50,256,1.0,0.001
2026-07-16T13:50:52,5,h5,tao_id4,TAO,0.0948,0.456,,,200,10,1.0,2.0,1.0,,,,lam_mode=auto_tr,0.9572,0.13,0.0688,0.9432,50,256,0.1,0.1
2026-07-16T13:50:52,5,h5,tao_id4,TAO,0.1824,0.6597,,,200,10,1.0,2.0,1.0,,,,lam_mode=auto_tr,1.2674,0.348,0.1841,0.9439,50,256,1.0,0.1
2026-07-16T13:50:52,5,h5,tao_id7,TAO,1.0,1.0,,,200,10,1.0,2.0,1.0,,,,lam_mode=auto_tr,8.4652,1.0,0.5274,0.8956,50,256,0.001,0.001
2026-07-16T13:50:52,5,h5,tao_id7,TAO,0.957,0.9767,,,200,10,1.0,2.0,1.0,,,,lam_mode=auto_tr,29.2081,0.994,0.5243,0.925,50,256,0.01,0.01
2026-07-16T13:50:53,5,h5,tao_id7,TAO,0.7356,0.8411,,,200,10,1.0,2.0,1.0,,,,lam_mode=auto_tr,13.6925,0.998,0.5264,0.9227,50,256,0.1,0.01
2026-07-16T13:50:54,5,h5,tao_id7,TAO,1.0,1.0,,,200,10,1.0,2.0,1.0,,,,lam_mode=auto_tr,13.6351,1.0,0.5274,0.9512,50,256,0.1,0.001
2026-07-16T13:54:49,5,h5,tao_id11,TAO,0.1271,0.5369,,,200,10,1.0,2.0,1.0,,,,lam_mode=auto_tr,1.0479,0.176,0.0918,0.9478,50,256,0.01,0.1
2026-07-16T13:54:49,5,h5,tao_id2,TAO,0.9958,0.9955,,,200,10,1.0,2.0,1.0,,,,lam_mode=auto_tr,27.4213,1.0,0.3584,0.6685,50,256,0.001,0.01
2026-07-16T13:54:50,5,h5,tao_id11,TAO,0.996,0.997,,,200,10,1.0,2.0,1.0,,,,lam_mode=auto_tr,40.1672,1.0,0.5214,0.7132,50,256,0.001,0.1
2026-07-16T13:54:50,5,h5,tao_id2,TAO,1.0,1.0,,,200,10,1.0,2.0,1.0,,,,lam_mode=auto_tr,10.3186,1.0,0.3584,0.9709,50,256,0.1,0.001
2026-07-16T13:54:50,5,h5,tao_id11,TAO,1.0,1.0,,,200,10,1.0,2.0,1.0,,,,lam_mode=auto_tr,13.4628,1.0,0.5214,0.9574,50,256,0.01,0.001
2026-07-16T13:54:50,5,h5,tao_id11,TAO,0.9957,0.9969,,,200,10,1.0,2.0,1.0,,,,lam_mode=auto_tr,34.8796,1.0,0.5214,0.7056,50,256,0.001,0.01
2026-07-16T13:54:50,5,h5,tao_id11,TAO,0.112,0.497,,,200,10,1.0,2.0,1.0,,,,lam_mode=auto_tr,0.997,0.15,0.0782,0.9474,50,256,0.1,0.1
2026-07-16T13:54:50,5,h5,tao_id11,TAO,0.9423,0.9695,,,200,10,1.0,2.0,1.0,,,,lam_mode=auto_tr,13.9249,0.998,0.5203,0.9257,50,256,0.1,0.01
2026-07-16T13:54:51,5,h5,tao_id2,TAO,1.0,1.0,,,200,10,1.0,2.0,1.0,,,,lam_mode=auto_tr,10.2454,1.0,0.3584,0.9706,50,256,0.01,0.001
2026-07-16T13:54:51,5,h5,tao_id11,TAO,0.9401,0.9658,,,200,10,1.0,2.0,1.0,,,,lam_mode=auto_tr,30.1235,0.996,0.5193,0.9228,50,256,0.01,0.01
2026-07-16T13:54:51,5,h5,tao_id11,TAO,0.9262,0.9485,,,200,10,1.0,2.0,1.0,,,,lam_mode=auto_tr,11.9936,0.998,0.5203,0.9288,50,256,1.0,0.01
2026-07-16T13:54:51,5,h5,tao_id11,TAO,0.1459,0.6543,,,200,10,1.0,2.0,1.0,,,,lam_mode=auto_tr,1.4178,0.242,0.1262,0.9432,50,256,1.0,0.1
2026-07-16T13:54:51,5,h5,tao_id11,TAO,1.0,1.0,,,200,10,1.0,2.0,1.0,,,,lam_mode=auto_tr,13.5755,1.0,0.5214,0.9439,50,256,1.0,0.001
2026-07-16T13:54:51,5,h5,tao_id11,TAO,1.0,1.0,,,200,10,1.0,2.0,1.0,,,,lam_mode=auto_tr,13.5745,1.0,0.5214,0.9633,50,256,0.1,0.001
2026-07-16T13:54:53,5,h5,tao_id2,TAO,1.0,1.0,,,200,10,1.0,2.0,1.0,,,,lam_mode=auto_tr,6.6772,1.0,0.3584,0.9104,50,256,0.001,0.001
2026-07-16T13:54:53,5,h5,tao_id2,TAO,1.0,1.0,,,200,10,1.0,2.0,1.0,,,,lam_mode=auto_tr,10.3169,1.0,0.3584,0.9672,50,256,1.0,0.001
2026-07-16T13:58:48,5,h5,tao_id6,TAO,1.0,1.0,,,200,10,1.0,2.0,1.0,,,,lam_mode=auto_tr,6.7311,1.0,0.3549,0.9055,50,256,0.001,0.001
2026-07-16T13:58:48,5,h5,tao_id2,TAO,0.3703,0.6595,,,200,10,1.0,2.0,1.0,,,,lam_mode=auto_tr,1.7985,0.568,0.2036,0.9526,50,256,0.01,0.01
2026-07-16T13:58:50,5,h5,tao_id6,TAO,0.9974,0.9978,,,200,10,1.0,2.0,1.0,,,,lam_mode=auto_tr,34.4414,1.0,0.3549,0.7298,50,256,0.001,0.1
2026-07-16T13:58:50,5,h5,tao_id6,TAO,0.3814,0.6442,,,200,10,1.0,2.0,1.0,,,,lam_mode=auto_tr,1.6465,0.626,0.2221,0.9598,50,256,0.01,0.01
2026-07-16T13:58:51,5,h5,tao_id2,TAO,0.284,0.8084,,,200,10,1.0,2.0,1.0,,,,lam_mode=auto_tr,1.4917,0.028,0.01,0.9571,50,256,1.0,0.01
2026-07-16T13:58:51,5,h5,tao_id6,TAO,0.1379,0.4587,,,200,10,1.0,2.0,1.0,,,,lam_mode=auto_tr,0.9568,0.166,0.0589,0.9572,50,256,0.1,0.01
2026-07-16T13:58:51,5,h5,tao_id2,TAO,0.118,0.3875,,,200,10,1.0,2.0,1.0,,,,lam_mode=auto_tr,0.8827,0.148,0.053,0.9636,50,256,0.1,0.1
2026-07-16T13:58:51,5,h5,tao_id6,TAO,1.0,1.0,,,200,10,1.0,2.0,1.0,,,,lam_mode=auto_tr,10.1752,1.0,0.3549,0.9732,50,256,0.01,0.001
2026-07-16T13:58:51,5,h5,tao_id2,TAO,0.1859,0.5484,,,200,10,1.0,2.0,1.0,,,,lam_mode=auto_tr,1.0623,0.26,0.0932,0.9651,50,256,0.01,0.1
2026-07-16T13:58:51,5,h5,tao_id2,TAO,0.5337,0.7561,,,200,10,1.0,2.0,1.0,,,,lam_mode=auto_tr,1.6541,0.796,0.2853,0.9624,50,256,1.0,0.1
2026-07-16T13:58:51,5,h5,tao_id6,TAO,1.0,1.0,,,200,10,1.0,2.0,1.0,,,,lam_mode=auto_tr,10.229,1.0,0.3534,0.9723,50,256,1.0,0.001
2026-07-16T13:58:51,5,h5,tao_id2,TAO,0.9963,0.9973,,,200,10,1.0,2.0,1.0,,,,lam_mode=auto_tr,34.3034,1.0,0.3584,0.7262,50,256,0.001,0.1
2026-07-16T13:58:52,5,h5,tao_id6,TAO,0.3801,0.8739,,,200,10,1.0,2.0,1.0,,,,lam_mode=auto_tr,1.6298,0.096,0.0341,0.9564,50,256,1.0,0.01
2026-07-16T13:58:52,5,h5,tao_id2,TAO,0.1645,0.5548,,,200,10,1.0,2.0,1.0,,,,lam_mode=auto_tr,1.0617,0.182,0.0652,0.9542,50,256,0.1,0.01
2026-07-16T13:58:53,5,h5,tao_id6,TAO,1.0,1.0,,,200,10,1.0,2.0,1.0,,,,lam_mode=auto_tr,10.2263,1.0,0.3549,0.9713,50,256,0.1,0.001
2026-07-16T13:58:53,5,h5,tao_id6,TAO,0.997,0.9966,,,200,10,1.0,2.0,1.0,,,,lam_mode=auto_tr,26.8214,1.0,0.3549,0.6732,50,256,0.001,0.01
2026-07-16T14:02:49,5,h5,tao_id13,TAO,0.9971,0.997,,,200,10,1.0,2.0,1.0,,,,lam_mode=auto_tr,30.3275,1.0,0.3549,0.6668,50,256,0.001,0.01
2026-07-16T14:02:50,5,h5,tao_id6,TAO,0.1824,0.5397,,,200,10,1.0,2.0,1.0,,,,lam_mode=auto_tr,1.0512,0.258,0.0916,0.9656,50,256,0.01,0.1
2026-07-16T14:02:50,5,h5,tao_id10,TAO,1.0,1.0,,,200,10,1.0,2.0,1.0,,,,lam_mode=auto_tr,8.5566,1.0,0.5302,0.9538,50,256,0.001,0.001
2026-07-16T14:02:50,5,h5,tao_id13,TAO,0.175,0.5301,,,200,10,1.0,2.0,1.0,,,,lam_mode=auto_tr,1.0424,0.252,0.0894,0.9658,50,256,0.01,0.1
2026-07-16T14:02:51,5,h5,tao_id13,TAO,0.9973,0.9981,,,200,10,1.0,2.0,1.0,,,,lam_mode=auto_tr,33.78,1.0,0.3549,0.7135,50,256,0.001,0.1
2026-07-16T14:02:51,5,h5,tao_id13,TAO,0.3634,0.6699,,,200,10,1.0,2.0,1.0,,,,lam_mode=auto_tr,1.3763,0.684,0.2427,0.963,50,256,1.0,0.1
2026-07-16T14:02:51,5,h5,tao_id13,TAO,1.0,1.0,,,200,10,1.0,2.0,1.0,,,,lam_mode=auto_tr,10.229,1.0,0.3549,0.9742,50,256,0.1,0.001
2026-07-16T14:02:51,5,h5,tao_id13,TAO,1.0,1.0,,,200,10,1.0,2.0,1.0,,,,lam_mode=auto_tr,10.1863,1.0,0.3549,0.9775,50,256,0.01,0.001
2026-07-16T14:02:51,5,h5,tao_id13,TAO,1.0,1.0,,,200,10,1.0,2.0,1.0,,,,lam_mode=auto_tr,10.2291,1.0,0.3549,0.9781,50,256,1.0,0.001
2026-07-16T14:02:51,5,h5,tao_id6,TAO,0.3678,0.6759,,,200,10,1.0,2.0,1.0,,,,lam_mode=auto_tr,1.3803,0.666,0.2363,0.964,50,256,1.0,0.1
2026-07-16T14:02:51,5,h5,tao_id13,TAO,0.3826,0.877,,,200,10,1.0,2.0,1.0,,,,lam_mode=auto_tr,1.6316,0.118,0.0419,0.9568,50,256,1.0,0.01
2026-07-16T14:02:51,5,h5,tao_id13,TAO,0.348,0.6384,,,200,10,1.0,2.0,1.0,,,,lam_mode=auto_tr,1.4893,0.53,0.1881,0.9563,50,256,0.01,0.01
2026-07-16T14:02:51,5,h5,tao_id13,TAO,1.0,1.0,,,200,10,1.0,2.0,1.0,,,,lam_mode=auto_tr,7.0733,1.0,0.3549,0.7165,50,256,0.001,0.001
2026-07-16T14:02:52,5,h5,tao_id13,TAO,0.1243,0.4173,,,200,10,1.0,2.0,1.0,,,,lam_mode=auto_tr,0.906,0.132,0.0468,0.9552,50,256,0.1,0.01
2026-07-16T14:02:53,5,h5,tao_id13,TAO,0.1654,0.451,,,200,10,1.0,2.0,1.0,,,,lam_mode=auto_tr,0.9433,0.262,0.093,0.9653,50,256,0.1,0.1
2026-07-16T14:02:54,5,h5,tao_id6,TAO,0.1301,0.4151,,,200,10,1.0,2.0,1.0,,,,lam_mode=auto_tr,0.9074,0.178,0.0632,0.9646,50,256,0.1,0.1
2026-07-16T14:06:49,5,h5,tao_id10,TAO,1.0,1.0,,,200,10,1.0,2.0,1.0,,,,lam_mode=auto_tr,13.6556,1.0,0.5302,0.954,50,256,0.01,0.001
2026-07-16T14:06:50,5,h5,tao_id8,TAO,1.0,1.0,,,200,10,1.0,2.0,1.0,,,,lam_mode=auto_tr,12.5437,0.974,1.0,0.6543,50,256,0.001,0.001
2026-07-16T14:06:51,5,h5,tao_id10,TAO,0.0976,0.4568,,,200,10,1.0,2.0,1.0,,,,lam_mode=auto_tr,0.9593,0.126,0.0668,0.943,50,256,0.1,0.1
2026-07-16T14:06:51,5,h5,tao_id10,TAO,0.1332,0.5461,,,200,10,1.0,2.0,1.0,,,,lam_mode=auto_tr,1.0629,0.194,0.1029,0.9468,50,256,0.01,0.1
2026-07-16T14:06:51,5,h5,tao_id10,TAO,0.7079,0.8077,,,200,10,1.0,2.0,1.0,,,,lam_mode=auto_tr,13.4145,1.0,0.5302,0.9298,50,256,0.1,0.01
2026-07-16T14:06:51,5,h5,tao_id10,TAO,0.9232,0.9583,,,200,10,1.0,2.0,1.0,,,,lam_mode=auto_tr,20.8838,0.996,0.5281,0.9276,50,256,0.01,0.01
2026-07-16T14:06:52,5,h5,tao_id10,TAO,0.9982,0.9988,,,200,10,1.0,2.0,1.0,,,,lam_mode=auto_tr,40.0558,1.0,0.5302,0.7244,50,256,0.001,0.1
2026-07-16T14:06:52,5,h5,tao_id10,TAO,1.0,1.0,,,200,10,1.0,2.0,1.0,,,,lam_mode=auto_tr,13.7649,1.0,0.5302,0.9523,50,256,0.1,0.001
2026-07-16T14:06:52,5,h5,tao_id8,TAO,1.0,1.0,,,200,10,1.0,2.0,1.0,,,,lam_mode=auto_tr,35.7654,0.974,1.0,0.6932,50,256,0.001,0.01
2026-07-16T14:06:52,5,h5,tao_id10,TAO,1.0,1.0,,,200,10,1.0,2.0,1.0,,,,lam_mode=auto_tr,13.7729,1.0,0.5302,0.9483,50,256,1.0,0.001
2026-07-16T14:06:52,5,h5,tao_id10,TAO,0.9991,0.9997,,,200,10,1.0,2.0,1.0,,,,lam_mode=auto_tr,34.6974,1.0,0.5302,0.7249,50,256,0.001,0.01
2026-07-16T14:06:52,5,h5,tao_id8,TAO,1.0,1.0,,,200,10,1.0,2.0,1.0,,,,lam_mode=auto_tr,18.3511,0.974,1.0,0.9152,50,256,0.1,0.001
2026-07-16T14:06:53,5,h5,tao_id10,TAO,0.6798,0.7903,,,200,10,1.0,2.0,1.0,,,,lam_mode=auto_tr,12.0697,1.0,0.5302,0.9289,50,256,1.0,0.01
2026-07-16T14:06:53,5,h5,tao_id10,TAO,0.2052,0.7375,,,200,10,1.0,2.0,1.0,,,,lam_mode=auto_tr,1.562,0.348,0.1845,0.9462,50,256,1.0,0.1
2026-07-16T14:06:55,5,h5,tao_id8,TAO,1.0,1.0,,,200,10,1.0,2.0,1.0,,,,lam_mode=auto_tr,18.274,0.974,1.0,0.9325,50,256,0.01,0.001
2026-07-16T14:06:55,5,h5,tao_id8,TAO,1.0,1.0,,,200,10,1.0,2.0,1.0,,,,lam_mode=auto_tr,18.3473,0.974,1.0,0.9031,50,256,1.0,0.001
2026-07-16T14:10:51,5,h5,tao_id8,TAO,0.9993,1.0,,,200,10,1.0,2.0,1.0,,,,lam_mode=auto_tr,166.8765,0.974,1.0,0.9115,50,256,0.01,0.01
2026-07-16T14:10:53,5,h5,tao_id8,TAO,0.0731,0.5748,,,200,10,1.0,2.0,1.0,,,,lam_mode=auto_tr,1.0802,0.16,0.1643,0.9401,50,256,1.0,0.1
2026-07-16T14:10:53,5,h5,tao_id8,TAO,0.0676,0.5469,,,200,10,1.0,2.0,1.0,,,,lam_mode=auto_tr,1.0586,0.092,0.0945,0.9441,50,256,0.01,0.1
2026-07-16T14:10:54,5,h5,tao_id8,TAO,1.0,1.0,,,200,10,1.0,2.0,1.0,,,,lam_mode=auto_tr,51.4528,0.974,1.0,0.7034,50,256,0.001,0.1
2026-07-16T14:10:54,5,h5,tao_id8,TAO,0.0583,0.4808,,,200,10,1.0,2.0,1.0,,,,lam_mode=auto_tr,0.9753,0.086,0.0883,0.9377,50,256,0.1,0.1
2026-07-16T14:10:54,5,h5,tao_id8,TAO,0.9994,1.0,,,200,10,1.0,2.0,1.0,,,,lam_mode=auto_tr,130.3394,0.974,1.0,0.9175,50,256,1.0,0.01
2026-07-16T14:10:54,5,h5,tao_id8,TAO,0.9994,1.0,,,200,10,1.0,2.0,1.0,,,,lam_mode=auto_tr,150.4309,0.974,1.0,0.9133,50,256,0.1,0.01
