timestamp,proposal,variant,dataset,collection,auc_pr,auc_roc,rw1_auc_pr,delta_pr,epochs,warmup,lam,tau,k,conf_mode,mc_samples,tau_u,extra,corr_anom_over_norm,corr_overlap,corr_anomaly_coverage,gate_auc_vs_label,window,batch,l1_weight
2026-07-14T12:49:13,5,h5,msl_id8,MSL,0.0301,0.8534,,,200,10,1.5,2.0,1.0,,,,,0.831,0.007,0.0476,0.9092,50,256,1.0
2026-07-14T12:49:14,5,h5,msl_id8,MSL,0.0165,0.7431,,,200,10,1.0,2.0,1.0,,,,,0.7892,0.007,0.0476,0.9284,50,256,1.0
2026-07-14T12:49:14,5,h5,msl_id8,MSL,0.0239,0.5482,,,200,10,1.0,2.0,1.0,,,,,0.9686,0.049,0.3333,0.9589,50,256,0.1
2026-07-14T12:49:14,5,h5,msl_id8,MSL,0.006,0.3747,,,200,10,1.0,2.0,1.0,,,,lam_mode=auto_tr,0.7827,0.007,0.0476,0.9145,50,256,1.0
2026-07-14T12:50:34,5,h5,msl_id8,MSL,0.3625,0.9909,,,200,10,1.0,2.0,1.0,,,,,2.3833,0.1399,0.9524,0.967,50,256,0.01
2026-07-14T12:50:34,5,h5,msl_id8,MSL,0.0125,0.4841,,,200,10,1.5,2.0,1.0,,,,,0.8731,0.021,0.1429,0.9534,50,256,0.1
2026-07-14T12:50:35,5,h5,msl_id8,MSL,0.4639,0.996,,,200,10,1.5,2.0,1.0,,,,,2.6274,0.1469,1.0,0.9717,50,256,0.01
2026-07-14T12:52:13,5,h5,msl_id8,MSL,0.0126,0.4126,,,200,10,1.0,2.0,1.0,,,,lam_mode=auto_tr,0.8409,0.028,0.1905,0.9724,50,256,0.1
2026-07-14T12:52:31,5,h5,opportunity_id3,OPPORTUNITY,0.0169,0.6854,,,200,10,1.5,2.0,1.0,,,,,1.0565,0.0057,0.0242,0.679,50,256,1.0
2026-07-14T12:52:32,5,h5,opportunity_id3,OPPORTUNITY,0.0169,0.6861,,,200,10,1.0,2.0,1.0,,,,lam_mode=auto_tr,1.0567,0.0057,0.0242,0.686,50,256,1.0
2026-07-14T12:52:33,5,h5,opportunity_id3,OPPORTUNITY,0.0171,0.6893,,,200,10,1.0,2.0,1.0,,,,lam_mode=auto_tr,1.0572,0.0057,0.0242,0.699,50,256,0.1
2026-07-14T12:52:33,5,h5,opportunity_id3,OPPORTUNITY,0.0171,0.6883,,,200,10,1.5,2.0,1.0,,,,,1.057,0.0057,0.0242,0.6908,50,256,0.1
2026-07-14T12:52:35,5,h5,opportunity_id3,OPPORTUNITY,0.0172,0.69,,,200,10,1.0,2.0,1.0,,,,,1.0574,0.0057,0.0242,0.6934,50,256,0.1
2026-07-14T12:52:35,5,h5,opportunity_id3,OPPORTUNITY,0.0169,0.6857,,,200,10,1.0,2.0,1.0,,,,,1.0566,0.0057,0.0242,0.6892,50,256,1.0
2026-07-14T12:52:36,5,h5,opportunity_id3,OPPORTUNITY,0.0222,0.7597,,,200,10,1.0,2.0,1.0,,,,,1.0694,0.0064,0.0273,0.6947,50,256,0.01
2026-07-14T12:52:38,5,h5,opportunity_id3,OPPORTUNITY,0.0114,0.4953,,,200,10,1.0,2.0,1.0,,,,lam_mode=auto_tr,0.9965,0.0121,0.0515,0.6942,50,256,0.001
2026-07-14T12:52:39,5,h5,opportunity_id3,OPPORTUNITY,0.0111,0.4966,,,200,10,1.0,2.0,1.0,,,,,0.9968,0.0093,0.0394,0.6781,50,256,0.001
2026-07-14T12:52:41,5,h5,opportunity_id3,OPPORTUNITY,0.0211,0.7484,,,200,10,1.0,2.0,1.0,,,,lam_mode=auto_tr,1.066,0.0057,0.0242,0.6923,50,256,0.01
2026-07-14T12:52:41,5,h5,opportunity_id3,OPPORTUNITY,0.0138,0.5833,,,200,10,1.5,2.0,1.0,,,,,1.0104,0.015,0.0636,0.6712,50,256,0.001
2026-07-14T12:52:41,5,h5,opportunity_id3,OPPORTUNITY,0.0235,0.7745,,,200,10,1.5,2.0,1.0,,,,,1.0735,0.0071,0.0303,0.6806,50,256,0.01
2026-07-14T12:54:34,5,h5,msl_id8,MSL,0.4321,0.9956,,,200,10,1.0,2.0,1.0,,,,lam_mode=auto_tr,2.3947,0.1469,1.0,0.9725,50,256,0.01
2026-07-14T12:54:35,5,h5,msl_id8,MSL,0.0146,0.5992,,,200,10,1.0,2.0,1.0,,,,,1.0283,0.028,0.1905,0.9844,50,256,0.001
2026-07-14T12:54:35,5,h5,msl_id8,MSL,0.032,0.5018,,,200,10,1.0,2.0,1.0,,,,lam_mode=auto_tr,0.9395,0.0559,0.381,0.991,50,256,0.001
2026-07-14T12:56:24,5,h5,opportunity_id6,OPPORTUNITY,0.0258,0.6169,,,200,10,1.5,2.0,1.0,,,,,1.037,0.0121,0.0282,0.7582,50,256,0.1
2026-07-14T12:56:26,5,h5,opportunity_id6,OPPORTUNITY,0.0259,0.6175,,,200,10,1.5,2.0,1.0,,,,,1.0375,0.0121,0.0282,0.7557,50,256,1.0
2026-07-14T12:56:26,5,h5,opportunity_id6,OPPORTUNITY,0.0266,0.6329,,,200,10,1.5,2.0,1.0,,,,,1.0372,0.0133,0.031,0.7466,50,256,0.01
2026-07-14T12:56:26,5,h5,opportunity_id6,OPPORTUNITY,0.0258,0.6168,,,200,10,1.0,2.0,1.0,,,,lam_mode=auto_tr,1.0369,0.0133,0.031,0.7503,50,256,0.1
2026-07-14T12:56:26,5,h5,opportunity_id6,OPPORTUNITY,0.0262,0.6261,,,200,10,1.0,2.0,1.0,,,,lam_mode=auto_tr,1.0356,0.0121,0.0282,0.7487,50,256,0.01
2026-07-14T12:56:27,5,h5,opportunity_id6,OPPORTUNITY,0.0213,0.5282,,,200,10,1.0,2.0,1.0,,,,,1.006,0.0121,0.0282,0.7461,50,256,0.001
2026-07-14T12:56:28,5,h5,opportunity_id6,OPPORTUNITY,0.0259,0.6177,,,200,10,1.0,2.0,1.0,,,,lam_mode=auto_tr,1.0375,0.0133,0.031,0.7524,50,256,1.0
2026-07-14T12:56:28,5,h5,opportunity_id6,OPPORTUNITY,0.0265,0.6311,,,200,10,1.0,2.0,1.0,,,,,1.0363,0.0097,0.0225,0.7513,50,256,0.01
2026-07-14T12:56:29,5,h5,opportunity_id6,OPPORTUNITY,0.0259,0.6177,,,200,10,1.0,2.0,1.0,,,,,1.0375,0.0121,0.0282,0.7525,50,256,1.0
2026-07-14T12:56:55,5,h5,msl_id8,MSL,0.011,0.5888,,,200,10,1.5,2.0,1.0,,,,,1.0216,0.007,0.0476,0.9858,50,256,0.001
2026-07-14T12:58:35,5,h5,msl_id9,MSL,0.0312,0.5183,,,200,10,1.0,2.0,1.0,,,,,0.8313,0.027,0.0435,0.449,50,256,1.0
2026-07-14T12:58:35,5,h5,msl_id9,MSL,0.0316,0.5186,,,200,10,1.0,2.0,1.0,,,,,0.8474,0.009,0.0145,0.4439,50,256,0.1
2026-07-14T12:58:35,5,h5,msl_id9,MSL,0.0263,0.4299,,,200,10,1.0,2.0,1.0,,,,lam_mode=auto_tr,0.9251,0.027,0.0435,0.4634,50,256,0.01
2026-07-14T12:58:35,5,h5,msl_id9,MSL,0.0367,0.5754,,,200,10,1.5,2.0,1.0,,,,,0.8391,0.009,0.0145,0.4529,50,256,1.0
2026-07-14T12:58:35,5,h5,msl_id9,MSL,0.0385,0.59,,,200,10,1.0,2.0,1.0,,,,lam_mode=auto_tr,0.8374,0.045,0.0725,0.447,50,256,1.0
2026-07-14T12:58:35,5,h5,msl_id9,MSL,0.0289,0.4535,,,200,10,1.5,2.0,1.0,,,,,0.9604,0.027,0.0435,0.3831,50,256,0.001
2026-07-14T12:58:35,5,h5,msl_id9,MSL,0.0277,0.4454,,,200,10,1.0,2.0,1.0,,,,,0.9709,0.027,0.0435,0.4218,50,256,0.001
2026-07-14T12:58:36,5,h5,msl_id9,MSL,0.0298,0.4651,,,200,10,1.0,2.0,1.0,,,,lam_mode=auto_tr,0.964,0.018,0.029,0.4657,50,256,0.001
2026-07-14T12:58:36,5,h5,msl_id9,MSL,0.0264,0.437,,,200,10,1.0,2.0,1.0,,,,,0.9256,0.009,0.0145,0.458,50,256,0.01
2026-07-14T12:58:36,5,h5,msl_id9,MSL,0.0309,0.5136,,,200,10,1.0,2.0,1.0,,,,lam_mode=auto_tr,0.8625,0.009,0.0145,0.4617,50,256,0.1
2026-07-14T12:58:36,5,h5,msl_id9,MSL,0.0299,0.4807,,,200,10,1.5,2.0,1.0,,,,,0.977,0.027,0.0435,0.4594,50,256,0.01
2026-07-14T12:58:37,5,h5,msl_id9,MSL,0.0287,0.4865,,,200,10,1.5,2.0,1.0,,,,,0.7741,0.0,0.0,0.4722,50,256,0.1
2026-07-14T12:58:43,5,h5,opportunity_id6,OPPORTUNITY,0.0202,0.4964,,,200,10,1.5,2.0,1.0,,,,,1.0,0.0121,0.0282,0.7558,50,256,0.001
2026-07-14T12:58:44,5,h5,opportunity_id6,OPPORTUNITY,0.0232,0.5553,,,200,10,1.0,2.0,1.0,,,,lam_mode=auto_tr,1.0102,0.0169,0.0394,0.7467,50,256,0.001
2026-07-14T12:58:48,5,h5,opportunity_id6,OPPORTUNITY,0.0258,0.6167,,,200,10,1.0,2.0,1.0,,,,,1.0369,0.0109,0.0254,0.7492,50,256,0.1
2026-07-14T13:01:46,5,h5,opportunity_id8,OPPORTUNITY,0.0347,0.6706,,,200,10,1.0,2.0,1.0,,,,,1.0506,0.0341,0.0736,0.6851,50,256,1.0
2026-07-14T13:05:32,5,h5,opportunity_id1,OPPORTUNITY,0.0445,0.6912,,,200,10,1.0,2.0,1.0,,,,,1.0516,0.0291,0.0499,0.7197,50,256,0.1
2026-07-14T13:05:34,5,h5,opportunity_id1,OPPORTUNITY,0.0445,0.6913,,,200,10,1.0,2.0,1.0,,,,,1.0519,0.0291,0.0499,0.7181,50,256,1.0
2026-07-14T13:05:35,5,h5,opportunity_id1,OPPORTUNITY,0.0445,0.6915,,,200,10,1.0,2.0,1.0,,,,lam_mode=auto_tr,1.0519,0.0275,0.0472,0.7205,50,256,1.0
2026-07-14T13:05:38,5,h5,opportunity_id1,OPPORTUNITY,0.0446,0.6921,,,200,10,1.5,2.0,1.0,,,,,1.052,0.0275,0.0472,0.7132,50,256,1.0
2026-07-14T13:05:43,5,h5,opportunity_id8,OPPORTUNITY,0.0347,0.6705,,,200,10,1.5,2.0,1.0,,,,,1.0505,0.0334,0.072,0.6921,50,256,1.0
2026-07-14T13:05:43,5,h5,opportunity_id1,OPPORTUNITY,0.0445,0.6911,,,200,10,1.5,2.0,1.0,,,,,1.0516,0.0291,0.0499,0.7135,50,256,0.1
2026-07-14T13:05:46,5,h5,opportunity_id8,OPPORTUNITY,0.0205,0.4707,,,200,10,1.5,2.0,1.0,,,,,0.9917,0.0141,0.0304,0.7017,50,256,0.001
2026-07-14T13:05:49,5,h5,opportunity_id8,OPPORTUNITY,0.035,0.672,,,200,10,1.0,2.0,1.0,,,,,1.0507,0.0341,0.0736,0.7001,50,256,0.1
2026-07-14T13:05:49,5,h5,opportunity_id8,OPPORTUNITY,0.0241,0.5416,,,200,10,1.0,2.0,1.0,,,,lam_mode=auto_tr,1.002,0.017,0.0368,0.6844,50,256,0.001
2026-07-14T13:05:51,5,h5,opportunity_id8,OPPORTUNITY,0.0375,0.6795,,,200,10,1.5,2.0,1.0,,,,,1.0489,0.0489,0.1056,0.6978,50,256,0.01
2026-07-14T13:05:52,5,h5,opportunity_id8,OPPORTUNITY,0.0251,0.5509,,,200,10,1.0,2.0,1.0,,,,,1.0039,0.02,0.0432,0.6848,50,256,0.001
2026-07-14T13:05:55,5,h5,opportunity_id8,OPPORTUNITY,0.042,0.6893,,,200,10,1.0,2.0,1.0,,,,lam_mode=auto_tr,1.0554,0.0593,0.128,0.6961,50,256,0.01
2026-07-14T13:05:58,5,h5,opportunity_id8,OPPORTUNITY,0.0386,0.6947,,,200,10,1.0,2.0,1.0,,,,,1.0524,0.046,0.0992,0.6856,50,256,0.01
2026-07-14T13:06:12,5,h5,opportunity_id8,OPPORTUNITY,0.0348,0.671,,,200,10,1.0,2.0,1.0,,,,lam_mode=auto_tr,1.0507,0.0341,0.0736,0.6848,50,256,1.0
2026-07-14T13:06:15,5,h5,opportunity_id8,OPPORTUNITY,0.0349,0.6714,,,200,10,1.0,2.0,1.0,,,,lam_mode=auto_tr,1.0505,0.0326,0.0704,0.6908,50,256,0.1
2026-07-14T13:06:36,5,h5,msl_id4,MSL,0.0314,0.5902,,,200,10,1.5,2.0,1.0,,,,,1.9032,0.0174,0.0423,0.802,50,256,0.1
2026-07-14T13:06:37,5,h5,msl_id4,MSL,0.0403,0.6527,,,200,10,1.0,2.0,1.0,,,,,1.2339,0.0174,0.0423,0.7386,50,256,0.01
2026-07-14T13:06:37,5,h5,msl_id4,MSL,0.0264,0.5273,,,200,10,1.0,2.0,1.0,,,,,1.7832,0.0233,0.0563,0.7755,50,256,0.1
2026-07-14T13:06:37,5,h5,msl_id4,MSL,0.0313,0.5977,,,200,10,1.0,2.0,1.0,,,,,1.8644,0.0407,0.0986,0.7926,50,256,1.0
2026-07-14T13:06:38,5,h5,msl_id4,MSL,0.0318,0.615,,,200,10,1.0,2.0,1.0,,,,lam_mode=auto_tr,2.0128,0.0058,0.0141,0.81,50,256,1.0
2026-07-14T13:06:41,5,h5,msl_id4,MSL,0.0289,0.5791,,,200,10,1.5,2.0,1.0,,,,,1.9907,0.0116,0.0282,0.78,50,256,1.0
2026-07-14T13:06:41,5,h5,msl_id4,MSL,0.0304,0.5591,,,200,10,1.0,2.0,1.0,,,,lam_mode=auto_tr,1.7419,0.0233,0.0563,0.7845,50,256,0.1
2026-07-14T13:07:29,5,h5,opportunity_id8,OPPORTUNITY,0.035,0.6721,,,200,10,1.5,2.0,1.0,,,,,1.0507,0.0326,0.0704,0.6827,50,256,0.1
2026-07-14T13:09:27,5,h5,opportunity_id1,OPPORTUNITY,0.0426,0.6748,,,200,10,1.0,2.0,1.0,,,,,1.0431,0.0291,0.0499,0.7239,50,256,0.01
2026-07-14T13:09:27,5,h5,opportunity_id1,OPPORTUNITY,0.0276,0.5049,,,200,10,1.5,2.0,1.0,,,,,0.9982,0.0154,0.0264,0.7227,50,256,0.001
2026-07-14T13:09:28,5,h5,opportunity_id1,OPPORTUNITY,0.0444,0.6908,,,200,10,1.0,2.0,1.0,,,,lam_mode=auto_tr,1.0515,0.0291,0.0499,0.7225,50,256,0.1
2026-07-14T13:09:31,5,h5,opportunity_id1,OPPORTUNITY,0.0263,0.4833,,,200,10,1.0,2.0,1.0,,,,lam_mode=auto_tr,0.9946,0.0138,0.0236,0.7164,50,256,0.001
2026-07-14T13:09:34,5,h5,opportunity_id1,OPPORTUNITY,0.0284,0.5147,,,200,10,1.0,2.0,1.0,,,,,0.9999,0.017,0.0291,0.7144,50,256,0.001
2026-07-14T13:09:36,5,h5,opportunity_id1,OPPORTUNITY,0.043,0.6756,,,200,10,1.5,2.0,1.0,,,,,1.0436,0.0316,0.0541,0.719,50,256,0.01
2026-07-14T13:10:32,5,h5,msl_id12,MSL,0.0177,0.5036,,,200,10,1.0,2.0,1.0,,,,,0.9813,0.018,0.0769,0.8001,50,256,0.01
2026-07-14T13:10:32,5,h5,msl_id12,MSL,0.0181,0.6308,,,200,10,1.0,2.0,1.0,,,,lam_mode=auto_tr,0.829,0.018,0.0769,0.7875,50,256,0.1
2026-07-14T13:10:32,5,h5,msl_id12,MSL,0.0147,0.5543,,,200,10,1.5,2.0,1.0,,,,,0.6738,0.009,0.0385,0.7703,50,256,1.0
2026-07-14T13:10:32,5,h5,msl_id12,MSL,0.0537,0.5981,,,200,10,1.0,2.0,1.0,,,,,1.3128,0.009,0.0385,0.7658,50,256,0.001
2026-07-14T13:10:32,5,h5,msl_id12,MSL,0.0136,0.4198,,,200,10,1.0,2.0,1.0,,,,lam_mode=auto_tr,0.8473,0.018,0.0769,0.7578,50,256,0.01
2026-07-14T13:10:32,5,h5,msl_id12,MSL,0.0185,0.6333,,,200,10,1.5,2.0,1.0,,,,,0.9527,0.009,0.0385,0.7965,50,256,0.1
2026-07-14T13:10:33,5,h5,msl_id12,MSL,0.0162,0.5776,,,200,10,1.0,2.0,1.0,,,,lam_mode=auto_tr,0.7648,0.0,0.0,0.7998,50,256,1.0
2026-07-14T13:10:34,5,h5,msl_id12,MSL,0.01,0.3937,,,200,10,1.5,2.0,1.0,,,,,0.7937,0.0,0.0,0.7753,50,256,0.01
2026-07-14T13:10:34,5,h5,msl_id12,MSL,0.0159,0.5673,,,200,10,1.0,2.0,1.0,,,,,0.787,0.0,0.0,0.7874,50,256,1.0
2026-07-14T13:10:34,5,h5,msl_id12,MSL,0.0208,0.669,,,200,10,1.0,2.0,1.0,,,,,0.9761,0.036,0.1538,0.7913,50,256,0.1
2026-07-14T13:10:36,5,h5,msl_id4,MSL,0.0542,0.688,,,200,10,1.5,2.0,1.0,,,,,1.3519,0.0698,0.169,0.7883,50,256,0.01
2026-07-14T13:10:37,5,h5,msl_id4,MSL,0.0421,0.6175,,,200,10,1.0,2.0,1.0,,,,,1.1403,0.0756,0.1831,0.7477,50,256,0.001
2026-07-14T13:10:38,5,h5,msl_id4,MSL,0.0372,0.6517,,,200,10,1.0,2.0,1.0,,,,lam_mode=auto_tr,1.2454,0.0174,0.0423,0.7412,50,256,0.01
2026-07-14T13:10:38,5,h5,msl_id4,MSL,0.0468,0.6555,,,200,10,1.0,2.0,1.0,,,,lam_mode=auto_tr,1.2572,0.0465,0.1127,0.7849,50,256,0.001
2026-07-14T13:10:39,5,h5,msl_id4,MSL,0.0595,0.7407,,,200,10,1.5,2.0,1.0,,,,,1.3143,0.0756,0.1831,0.8548,50,256,0.001
2026-07-14T13:11:12,5,h5,opportunity_id1,OPPORTUNITY,0.0436,0.681,,,200,10,1.0,2.0,1.0,,,,lam_mode=auto_tr,1.0449,0.0308,0.0527,0.7041,50,256,0.01
2026-07-14T13:14:33,5,h5,msl_id12,MSL,0.1215,0.6716,,,200,10,1.5,2.0,1.0,,,,,1.9429,0.045,0.1923,0.7409,50,256,0.001
2026-07-14T13:14:34,5,h5,msl_id12,MSL,0.1222,0.7136,,,200,10,1.0,2.0,1.0,,,,lam_mode=auto_tr,2.1605,0.0541,0.2308,0.7739,50,256,0.001
2026-07-14T13:14:37,5,h5,msl_id2,MSL,0.0764,0.5022,,,200,10,1.0,2.0,1.0,,,,lam_mode=auto_tr,1.0511,0.096,0.0746,0.8719,50,256,0.001
2026-07-14T13:14:37,5,h5,msl_id2,MSL,0.0565,0.4389,,,200,10,1.0,2.0,1.0,,,,,1.324,0.0282,0.0219,0.8755,50,256,1.0
2026-07-14T13:14:38,5,h5,msl_id2,MSL,0.1782,0.7803,,,200,10,1.0,2.0,1.0,,,,lam_mode=auto_tr,1.3634,0.226,0.1754,0.8525,50,256,0.01
2026-07-14T13:14:38,5,h5,msl_id2,MSL,0.0742,0.5229,,,200,10,1.5,2.0,1.0,,,,,1.4699,0.0734,0.057,0.8802,50,256,0.1
2026-07-14T13:14:38,5,h5,msl_id2,MSL,0.0671,0.5056,,,200,10,1.0,2.0,1.0,,,,lam_mode=auto_tr,1.4507,0.0565,0.0439,0.8853,50,256,0.1
2026-07-14T13:14:38,5,h5,msl_id2,MSL,0.0584,0.443,,,200,10,1.0,2.0,1.0,,,,lam_mode=auto_tr,1.3406,0.0452,0.0351,0.8572,50,256,1.0
2026-07-14T13:14:39,5,h5,msl_id2,MSL,0.0756,0.5326,,,200,10,1.0,2.0,1.0,,,,,1.0385,0.0678,0.0526,0.8766,50,256,0.001
2026-07-14T13:14:39,5,h5,msl_id2,MSL,0.0555,0.4187,,,200,10,1.5,2.0,1.0,,,,,1.3431,0.0282,0.0219,0.8738,50,256,1.0
2026-07-14T13:14:40,5,h5,msl_id2,MSL,0.0824,0.5307,,,200,10,1.5,2.0,1.0,,,,,1.0845,0.1243,0.0965,0.865,50,256,0.001
2026-07-14T13:14:40,5,h5,msl_id2,MSL,0.1555,0.7248,,,200,10,1.0,2.0,1.0,,,,,1.2966,0.2203,0.1711,0.8509,50,256,0.01
2026-07-14T13:14:41,5,h5,msl_id2,MSL,0.0619,0.4645,,,200,10,1.0,2.0,1.0,,,,,1.416,0.0452,0.0351,0.885,50,256,0.1
2026-07-14T13:14:41,5,h5,msl_id2,MSL,0.1911,0.7742,,,200,10,1.5,2.0,1.0,,,,,1.4016,0.2542,0.1974,0.8415,50,256,0.01
2026-07-14T13:17:04,5,h5,opportunity_id7,OPPORTUNITY,0.0862,0.7651,,,200,10,1.5,2.0,1.0,,,,,1.1097,0.0801,0.1064,0.7165,50,256,1.0
2026-07-14T13:17:09,5,h5,opportunity_id7,OPPORTUNITY,0.0863,0.7651,,,200,10,1.0,2.0,1.0,,,,,1.1098,0.081,0.1076,0.7183,50,256,1.0
2026-07-14T13:19:00,5,h5,opportunity_id2,OPPORTUNITY,0.0896,0.5254,,,200,10,1.5,2.0,1.0,,,,,1.0183,0.0888,0.049,0.4624,50,256,0.1
2026-07-14T13:19:00,5,h5,opportunity_id2,OPPORTUNITY,0.0902,0.5288,,,200,10,1.5,2.0,1.0,,,,,1.0198,0.0965,0.0533,0.4725,50,256,1.0
2026-07-14T13:19:00,5,h5,opportunity_id2,OPPORTUNITY,0.0897,0.526,,,200,10,1.0,2.0,1.0,,,,lam_mode=auto_tr,1.0185,0.0927,0.0512,0.4703,50,256,0.1
2026-07-14T13:19:01,5,h5,opportunity_id2,OPPORTUNITY,0.0902,0.5286,,,200,10,1.0,2.0,1.0,,,,,1.0196,0.0965,0.0533,0.4711,50,256,1.0
2026-07-14T13:19:01,5,h5,opportunity_id2,OPPORTUNITY,0.0898,0.5262,,,200,10,1.0,2.0,1.0,,,,,1.0187,0.0888,0.049,0.4408,50,256,0.1
2026-07-14T13:19:03,5,h5,opportunity_id2,OPPORTUNITY,0.0902,0.5287,,,200,10,1.0,2.0,1.0,,,,lam_mode=auto_tr,1.0197,0.0965,0.0533,0.4928,50,256,1.0
2026-07-14T13:21:04,5,h5,opportunity_id7,OPPORTUNITY,0.0859,0.7648,,,200,10,1.5,2.0,1.0,,,,,1.109,0.081,0.1076,0.7268,50,256,0.1
2026-07-14T13:21:06,5,h5,opportunity_id7,OPPORTUNITY,0.0859,0.7649,,,200,10,1.0,2.0,1.0,,,,,1.1089,0.081,0.1076,0.6647,50,256,0.1
2026-07-14T13:21:07,5,h5,opportunity_id7,OPPORTUNITY,0.0858,0.7647,,,200,10,1.0,2.0,1.0,,,,lam_mode=auto_tr,1.1089,0.081,0.1076,0.7124,50,256,0.1
2026-07-14T13:21:08,5,h5,opportunity_id7,OPPORTUNITY,0.0298,0.4174,,,200,10,1.0,2.0,1.0,,,,,0.9858,0.0203,0.0269,0.655,50,256,0.001
2026-07-14T13:21:10,5,h5,opportunity_id7,OPPORTUNITY,0.0925,0.786,,,200,10,1.0,2.0,1.0,,,,,1.1056,0.0709,0.0941,0.7117,50,256,0.01
2026-07-14T13:21:10,5,h5,opportunity_id7,OPPORTUNITY,0.0944,0.7896,,,200,10,1.0,2.0,1.0,,,,lam_mode=auto_tr,1.1071,0.0755,0.1002,0.7119,50,256,0.01
2026-07-14T13:21:14,5,h5,opportunity_id7,OPPORTUNITY,0.0864,0.7652,,,200,10,1.0,2.0,1.0,,,,lam_mode=auto_tr,1.1099,0.081,0.1076,0.6806,50,256,1.0
2026-07-14T13:21:16,5,h5,opportunity_id7,OPPORTUNITY,0.0276,0.3571,,,200,10,1.0,2.0,1.0,,,,lam_mode=auto_tr,0.9719,0.0203,0.0269,0.7094,50,256,0.001
2026-07-14T13:21:18,5,h5,opportunity_id7,OPPORTUNITY,0.0327,0.4619,,,200,10,1.5,2.0,1.0,,,,,0.9926,0.0212,0.0281,0.7138,50,256,0.001
2026-07-14T13:21:24,5,h5,opportunity_id7,OPPORTUNITY,0.0938,0.7849,,,200,10,1.5,2.0,1.0,,,,,1.1052,0.0792,0.1051,0.7115,50,256,0.01
2026-07-14T13:23:01,5,h5,opportunity_id2,OPPORTUNITY,0.0825,0.4862,,,200,10,1.0,2.0,1.0,,,,,1.0044,0.0695,0.0384,0.4184,50,256,0.01
2026-07-14T13:23:02,5,h5,opportunity_id2,OPPORTUNITY,0.0655,0.3658,,,200,10,1.0,2.0,1.0,,,,,0.9735,0.0154,0.0085,0.447,50,256,0.001
2026-07-14T13:23:02,5,h5,opportunity_id2,OPPORTUNITY,0.0646,0.3495,,,200,10,1.5,2.0,1.0,,,,,0.9701,0.0386,0.0213,0.4673,50,256,0.001
2026-07-14T13:23:02,5,h5,opportunity_id2,OPPORTUNITY,0.0821,0.4824,,,200,10,1.0,2.0,1.0,,,,lam_mode=auto_tr,1.0028,0.0695,0.0384,0.4373,50,256,0.01
2026-07-14T13:23:05,5,h5,opportunity_id2,OPPORTUNITY,0.0831,0.4859,,,200,10,1.5,2.0,1.0,,,,,1.0044,0.0734,0.0405,0.4501,50,256,0.01
2026-07-14T13:23:06,5,h5,opportunity_id2,OPPORTUNITY,0.0669,0.3602,,,200,10,1.0,2.0,1.0,,,,lam_mode=auto_tr,0.973,0.0579,0.032,0.4554,50,256,0.001
2026-07-14T13:23:32,5,h5,opportunity_id4,OPPORTUNITY,0.0443,0.4903,,,200,10,1.0,2.0,1.0,,,,,0.9987,0.0364,0.0388,0.6378,50,256,0.001
2026-07-14T13:23:33,5,h5,opportunity_id4,OPPORTUNITY,0.0977,0.7624,,,200,10,1.5,2.0,1.0,,,,,1.1047,0.0985,0.105,0.6721,50,256,0.01
2026-07-14T13:23:34,5,h5,opportunity_id4,OPPORTUNITY,0.0965,0.7595,,,200,10,1.0,2.0,1.0,,,,lam_mode=auto_tr,1.1037,0.0985,0.105,0.5785,50,256,0.01
2026-07-14T13:23:35,5,h5,opportunity_id4,OPPORTUNITY,0.1025,0.7751,,,200,10,1.0,2.0,1.0,,,,lam_mode=auto_tr,1.119,0.0728,0.0776,0.6389,50,256,1.0
2026-07-14T13:23:35,5,h5,opportunity_id4,OPPORTUNITY,0.1024,0.7737,,,200,10,1.5,2.0,1.0,,,,,1.118,0.0771,0.0822,0.6069,50,256,0.1
2026-07-14T13:23:36,5,h5,opportunity_id4,OPPORTUNITY,0.1025,0.774,,,200,10,1.0,2.0,1.0,,,,,1.1182,0.0771,0.0822,0.6394,50,256,0.1
2026-07-14T13:23:36,5,h5,opportunity_id4,OPPORTUNITY,0.1024,0.775,,,200,10,1.5,2.0,1.0,,,,,1.119,0.0749,0.0799,0.6368,50,256,1.0
2026-07-14T13:23:36,5,h5,opportunity_id4,OPPORTUNITY,0.1025,0.7738,,,200,10,1.0,2.0,1.0,,,,lam_mode=auto_tr,1.1182,0.0792,0.0845,0.6799,50,256,0.1
2026-07-14T13:23:36,5,h5,opportunity_id4,OPPORTUNITY,0.1003,0.7652,,,200,10,1.0,2.0,1.0,,,,,1.1071,0.1071,0.1142,0.6647,50,256,0.01
2026-07-14T13:23:38,5,h5,opportunity_id4,OPPORTUNITY,0.1025,0.7746,,,200,10,1.0,2.0,1.0,,,,,1.1189,0.0728,0.0776,0.6022,50,256,1.0
2026-07-14T13:26:34,5,h5,msl_id7,MSL,0.0598,0.3344,,,200,10,1.5,2.0,1.0,,,,,0.4835,0.0606,0.036,0.409,50,256,1.0
2026-07-14T13:26:34,5,h5,msl_id7,MSL,0.0794,0.3833,,,200,10,1.5,2.0,1.0,,,,,0.6419,0.053,0.0315,0.4443,50,256,0.1
2026-07-14T13:26:34,5,h5,msl_id7,MSL,0.1089,0.6428,,,200,10,1.0,2.0,1.0,,,,,1.1619,0.0455,0.027,0.4218,50,256,0.01
2026-07-14T13:26:34,5,h5,msl_id7,MSL,0.1078,0.6395,,,200,10,1.0,2.0,1.0,,,,lam_mode=auto_tr,1.1824,0.0758,0.045,0.4305,50,256,0.01
2026-07-14T13:26:34,5,h5,msl_id7,MSL,0.0605,0.3391,,,200,10,1.0,2.0,1.0,,,,lam_mode=auto_tr,0.4951,0.0606,0.036,0.4063,50,256,1.0
2026-07-14T13:26:34,5,h5,msl_id7,MSL,0.0877,0.4926,,,200,10,1.0,2.0,1.0,,,,lam_mode=auto_tr,0.9648,0.1061,0.0631,0.4971,50,256,0.001
2026-07-14T13:26:34,5,h5,msl_id7,MSL,0.0613,0.3582,,,200,10,1.0,2.0,1.0,,,,,0.4799,0.0455,0.027,0.4197,50,256,1.0
2026-07-14T13:26:34,5,h5,msl_id7,MSL,0.0861,0.5205,,,200,10,1.5,2.0,1.0,,,,,0.9809,0.0833,0.0495,0.4785,50,256,0.001
2026-07-14T13:26:34,5,h5,msl_id7,MSL,0.11,0.5591,,,200,10,1.0,2.0,1.0,,,,,1.0679,0.1439,0.0856,0.492,50,256,0.001
2026-07-14T13:26:34,5,h5,msl_id7,MSL,0.0626,0.3147,,,200,10,1.0,2.0,1.0,,,,,0.6154,0.0758,0.045,0.4246,50,256,0.1
2026-07-14T13:26:34,5,h5,msl_id7,MSL,0.1185,0.6645,,,200,10,1.5,2.0,1.0,,,,,1.3159,0.0682,0.0405,0.4357,50,256,0.01
2026-07-14T13:26:34,5,h5,msl_id7,MSL,0.0751,0.3414,,,200,10,1.0,2.0,1.0,,,,lam_mode=auto_tr,0.6549,0.0682,0.0405,0.4156,50,256,0.1
2026-07-14T13:26:42,5,h5,msl_id5,MSL,0.0949,0.5539,,,200,10,1.5,2.0,1.0,,,,,0.7913,0.0791,0.0473,0.6958,50,256,1.0
2026-07-14T13:26:42,5,h5,msl_id5,MSL,0.0954,0.5526,,,200,10,1.0,2.0,1.0,,,,,0.7718,0.0356,0.0213,0.7014,50,256,1.0
2026-07-14T13:27:28,5,h5,opportunity_id4,OPPORTUNITY,0.0462,0.5074,,,200,10,1.5,2.0,1.0,,,,,0.9998,0.0364,0.0388,0.673,50,256,0.001
2026-07-14T13:27:39,5,h5,opportunity_id4,OPPORTUNITY,0.0433,0.4928,,,200,10,1.0,2.0,1.0,,,,lam_mode=auto_tr,0.9983,0.0278,0.0297,0.6659,50,256,0.001
2026-07-14T13:30:41,5,h5,msl_id5,MSL,0.1059,0.6037,,,200,10,1.0,2.0,1.0,,,,lam_mode=auto_tr,1.0271,0.1028,0.0615,0.7203,50,256,0.001
2026-07-14T13:30:42,5,h5,msl_id5,MSL,0.0901,0.535,,,200,10,1.5,2.0,1.0,,,,,0.8028,0.0909,0.0544,0.6881,50,256,0.1
2026-07-14T13:30:42,5,h5,msl_id5,MSL,0.3448,0.7927,,,200,10,1.0,2.0,1.0,,,,lam_mode=auto_tr,1.5235,0.502,0.3002,0.7075,50,256,0.01
2026-07-14T13:30:43,5,h5,msl_id5,MSL,0.1148,0.5926,,,200,10,1.5,2.0,1.0,,,,,1.0272,0.1621,0.0969,0.7429,50,256,0.001
2026-07-14T13:30:43,5,h5,msl_id5,MSL,0.3037,0.7713,,,200,10,1.5,2.0,1.0,,,,,1.4663,0.4625,0.2766,0.6823,50,256,0.01
2026-07-14T13:30:43,5,h5,msl_id5,MSL,0.0939,0.5524,,,200,10,1.0,2.0,1.0,,,,,1.0118,0.0988,0.0591,0.7173,50,256,0.001
2026-07-14T13:30:44,5,h5,msl_id5,MSL,0.2448,0.7735,,,200,10,1.0,2.0,1.0,,,,,1.4511,0.332,0.1986,0.6711,50,256,0.01
2026-07-14T13:30:45,5,h5,msl_id5,MSL,0.1016,0.5717,,,200,10,1.0,2.0,1.0,,,,,0.8605,0.1028,0.0615,0.702,50,256,0.1
2026-07-14T13:30:45,5,h5,msl_id5,MSL,0.1252,0.6171,,,200,10,1.0,2.0,1.0,,,,lam_mode=auto_tr,0.943,0.1423,0.0851,0.7018,50,256,0.1
2026-07-14T13:30:45,5,h5,msl_id5,MSL,0.0897,0.5259,,,200,10,1.0,2.0,1.0,,,,lam_mode=auto_tr,0.799,0.0514,0.0307,0.6926,50,256,1.0
2026-07-14T13:34:46,5,h5,msl_id10,MSL,0.0419,0.5155,,,200,10,1.5,2.0,1.0,,,,,3.2825,0.0525,0.1221,0.823,50,256,1.0
2026-07-14T13:34:46,5,h5,msl_id10,MSL,0.0413,0.5138,,,200,10,1.0,2.0,1.0,,,,,3.3339,0.0426,0.0992,0.8684,50,256,1.0
2026-07-14T13:34:47,5,h5,msl_id10,MSL,0.0403,0.4946,,,200,10,1.0,2.0,1.0,,,,lam_mode=auto_tr,3.2922,0.0525,0.1221,0.8449,50,256,1.0
2026-07-14T13:34:48,5,h5,msl_id10,MSL,0.0722,0.5891,,,200,10,1.0,2.0,1.0,,,,,3.2864,0.1016,0.2366,0.8299,50,256,0.1
2026-07-14T13:40:33,5,h5,msl_id10,MSL,0.0809,0.6396,,,200,10,1.5,2.0,1.0,,,,,3.2796,0.1016,0.2366,0.8599,50,256,0.1
2026-07-14T13:40:35,5,h5,msl_id10,MSL,0.1229,0.7447,,,200,10,1.0,2.0,1.0,,,,,2.2904,0.1574,0.3664,0.8605,50,256,0.01
2026-07-14T13:40:35,5,h5,msl_id10,MSL,0.0769,0.605,,,200,10,1.0,2.0,1.0,,,,lam_mode=auto_tr,3.2596,0.1016,0.2366,0.8385,50,256,0.1
2026-07-14T13:40:35,5,h5,msl_id10,MSL,0.1228,0.7236,,,200,10,1.5,2.0,1.0,,,,,2.2833,0.1443,0.3359,0.8963,50,256,0.01
2026-07-14T13:42:46,5,h5,msl_id10,MSL,0.1346,0.752,,,200,10,1.0,2.0,1.0,,,,lam_mode=auto_tr,2.4621,0.1639,0.3817,0.8569,50,256,0.01
2026-07-14T13:42:47,5,h5,msl_id10,MSL,0.2429,0.842,,,200,10,1.5,2.0,1.0,,,,,2.9667,0.2361,0.5496,0.9361,50,256,0.001
2026-07-14T13:42:48,5,h5,msl_id10,MSL,0.2151,0.8586,,,200,10,1.0,2.0,1.0,,,,lam_mode=auto_tr,3.0666,0.1967,0.458,0.9742,50,256,0.001
2026-07-14T13:42:50,5,h5,msl_id10,MSL,0.2013,0.8617,,,200,10,1.0,2.0,1.0,,,,,2.0222,0.2098,0.4885,0.9047,50,256,0.001
2026-07-14T13:46:31,5,h5,msl_id14,MSL,0.1165,0.4292,,,200,10,1.0,2.0,1.0,,,,,1.1111,0.1379,0.0532,0.4697,50,256,1.0
2026-07-14T13:46:32,5,h5,msl_id14,MSL,0.116,0.4108,,,200,10,1.0,2.0,1.0,,,,,1.1728,0.1034,0.0399,0.4564,50,256,0.1
2026-07-14T13:46:34,5,h5,msl_id14,MSL,0.1076,0.3999,,,200,10,1.0,2.0,1.0,,,,lam_mode=auto_tr,1.073,0.0517,0.0199,0.4758,50,256,1.0
2026-07-14T13:46:34,5,h5,msl_id14,MSL,0.1142,0.4207,,,200,10,1.5,2.0,1.0,,,,,1.1414,0.0948,0.0365,0.4614,50,256,1.0
2026-07-14T13:48:04,5,h5,creditcard_id1,CreditCard,0.0114,0.8116,,,200,10,1.5,2.0,1.0,,,,,1.4141,0.011,0.3171,0.8981,50,256,1.0
2026-07-14T13:48:14,5,h5,creditcard_id1,CreditCard,0.0114,0.8117,,,200,10,1.0,2.0,1.0,,,,,1.4142,0.011,0.3171,0.8979,50,256,1.0
2026-07-14T13:48:17,5,h5,creditcard_id1,CreditCard,0.0131,0.8335,,,200,10,1.0,2.0,1.0,,,,,1.4139,0.013,0.376,0.898,50,256,0.1
2026-07-14T13:48:33,5,h5,creditcard_id1,CreditCard,0.0114,0.8116,,,200,10,1.0,2.0,1.0,,,,lam_mode=auto_tr,1.4141,0.0109,0.315,0.8977,50,256,1.0
2026-07-14T13:48:42,5,h5,creditcard_id1,CreditCard,0.0136,0.8355,,,200,10,1.5,2.0,1.0,,,,,1.4161,0.0134,0.3882,0.8984,50,256,0.1
2026-07-14T13:50:20,5,h5,creditcard_id1,CreditCard,0.0135,0.8353,,,200,10,1.0,2.0,1.0,,,,lam_mode=auto_tr,1.4159,0.0133,0.3841,0.8985,50,256,0.1
2026-07-14T13:50:35,5,h5,msl_id14,MSL,0.1121,0.4085,,,200,10,1.5,2.0,1.0,,,,,1.1183,0.0862,0.0332,0.4735,50,256,0.1
2026-07-14T13:50:35,5,h5,msl_id14,MSL,0.1236,0.4567,,,200,10,1.0,2.0,1.0,,,,lam_mode=auto_tr,0.991,0.1034,0.0399,0.4544,50,256,0.01
2026-07-14T13:50:35,5,h5,msl_id14,MSL,0.1503,0.5208,,,200,10,1.0,2.0,1.0,,,,lam_mode=auto_tr,1.0608,0.181,0.0698,0.4683,50,256,0.001
2026-07-14T13:50:35,5,h5,msl_id14,MSL,0.1282,0.4794,,,200,10,1.0,2.0,1.0,,,,,1.0186,0.0862,0.0332,0.4566,50,256,0.01
2026-07-14T13:50:35,5,h5,msl_id14,MSL,0.1419,0.4951,,,200,10,1.0,2.0,1.0,,,,,1.0376,0.1552,0.0598,0.4842,50,256,0.001
2026-07-14T13:50:35,5,h5,msl_id14,MSL,0.1272,0.4613,,,200,10,1.5,2.0,1.0,,,,,1.047,0.0948,0.0365,0.4398,50,256,0.001
2026-07-14T13:50:35,5,h5,msl_id14,MSL,0.1167,0.4239,,,200,10,1.0,2.0,1.0,,,,lam_mode=auto_tr,1.1387,0.0948,0.0365,0.4999,50,256,0.1
2026-07-14T13:50:35,5,h5,msl_id14,MSL,0.1213,0.4594,,,200,10,1.5,2.0,1.0,,,,,0.994,0.0862,0.0332,0.4679,50,256,0.01
2026-07-14T13:50:39,5,h5,msl_id6,MSL,0.0403,0.5305,,,200,10,1.0,2.0,1.0,,,,,0.6805,0.0305,0.0397,0.8407,50,256,1.0
2026-07-14T13:50:58,5,h5,creditcard_id1,CreditCard,0.0026,0.3262,,,200,10,1.0,2.0,1.0,,,,,0.9679,0.0009,0.0264,0.899,50,256,0.01
2026-07-14T13:51:21,5,h5,creditcard_id1,CreditCard,0.0056,0.5778,,,200,10,1.0,2.0,1.0,,,,,1.1814,0.0046,0.1321,0.8986,50,256,0.001
2026-07-14T13:51:59,5,h5,creditcard_id1,CreditCard,0.0026,0.3047,,,200,10,1.5,2.0,1.0,,,,,0.9586,0.0012,0.0346,0.8988,50,256,0.01
2026-07-14T13:52:01,5,h5,creditcard_id1,CreditCard,0.0078,0.6149,,,200,10,1.0,2.0,1.0,,,,lam_mode=auto_tr,1.2471,0.0058,0.1667,0.8987,50,256,0.001
2026-07-14T13:52:04,5,h5,creditcard_id1,CreditCard,0.0078,0.6156,,,200,10,1.5,2.0,1.0,,,,,1.2496,0.0065,0.189,0.8986,50,256,0.001
2026-07-14T13:52:21,5,h5,creditcard_id1,CreditCard,0.0026,0.3029,,,200,10,1.0,2.0,1.0,,,,lam_mode=auto_tr,0.9564,0.0011,0.0305,0.8989,50,256,0.01
2026-07-14T13:54:30,5,h5,msl_id1,MSL,0.0109,0.6955,,,200,10,1.0,2.0,1.0,,,,,1.4136,0.0109,0.0909,0.7657,50,256,1.0
2026-07-14T13:54:31,5,h5,msl_id1,MSL,0.0058,0.3919,,,200,10,1.5,2.0,1.0,,,,,0.723,0.0,0.0,0.7743,50,256,0.1
2026-07-14T13:54:31,5,h5,msl_id1,MSL,0.0107,0.6848,,,200,10,1.5,2.0,1.0,,,,,1.4999,0.0109,0.0909,0.7541,50,256,1.0
2026-07-14T13:54:31,5,h5,msl_id1,MSL,0.0077,0.4581,,,200,10,1.0,2.0,1.0,,,,,0.8308,0.0109,0.0909,0.7562,50,256,0.1
2026-07-14T13:54:31,5,h5,msl_id1,MSL,0.0149,0.7544,,,200,10,1.0,2.0,1.0,,,,lam_mode=auto_tr,1.6614,0.0109,0.0909,0.7419,50,256,1.0
2026-07-14T13:54:39,5,h5,msl_id6,MSL,0.0376,0.4999,,,200,10,1.5,2.0,1.0,,,,,0.6807,0.0305,0.0397,0.8494,50,256,1.0
2026-07-14T13:54:40,5,h5,msl_id6,MSL,0.0563,0.6522,,,200,10,1.0,2.0,1.0,,,,lam_mode=auto_tr,0.9788,0.0457,0.0596,0.9329,50,256,0.1
2026-07-14T13:54:40,5,h5,msl_id6,MSL,0.4493,0.9112,,,200,10,1.0,2.0,1.0,,,,lam_mode=auto_tr,2.2012,0.5228,0.6821,0.9055,50,256,0.01
2026-07-14T13:54:40,5,h5,msl_id6,MSL,0.2654,0.8617,,,200,10,1.0,2.0,1.0,,,,,1.6724,0.3655,0.4768,0.8681,50,256,0.01
2026-07-14T13:54:40,5,h5,msl_id6,MSL,0.4274,0.9069,,,200,10,1.5,2.0,1.0,,,,,2.0436,0.5127,0.6689,0.9125,50,256,0.01
2026-07-14T13:54:40,5,h5,msl_id6,MSL,0.0628,0.6503,,,200,10,1.0,2.0,1.0,,,,,1.1568,0.0812,0.106,0.841,50,256,0.1
2026-07-14T13:54:40,5,h5,msl_id6,MSL,0.0799,0.6713,,,200,10,1.5,2.0,1.0,,,,,1.1649,0.1269,0.1656,0.9178,50,256,0.1
2026-07-14T13:54:40,5,h5,msl_id6,MSL,0.0974,0.7432,,,200,10,1.5,2.0,1.0,,,,,1.1629,0.1421,0.1854,0.9264,50,256,0.001
2026-07-14T13:54:41,5,h5,msl_id6,MSL,0.162,0.8089,,,200,10,1.0,2.0,1.0,,,,lam_mode=auto_tr,1.2825,0.2284,0.298,0.9661,50,256,0.001
2026-07-14T13:54:44,5,h5,msl_id6,MSL,0.0387,0.5417,,,200,10,1.0,2.0,1.0,,,,lam_mode=auto_tr,0.6545,0.0102,0.0132,0.8541,50,256,1.0
2026-07-14T13:54:45,5,h5,msl_id6,MSL,0.0764,0.6576,,,200,10,1.0,2.0,1.0,,,,,1.1246,0.1168,0.1523,0.9368,50,256,0.001
2026-07-14T13:58:33,5,h5,msl_id1,MSL,0.0057,0.3798,,,200,10,1.0,2.0,1.0,,,,lam_mode=auto_tr,0.7809,0.0109,0.0909,0.7469,50,256,0.1
2026-07-14T13:58:33,5,h5,msl_id1,MSL,0.0242,0.3918,,,200,10,1.0,2.0,1.0,,,,,0.9782,0.0109,0.0909,0.7409,50,256,0.001
2026-07-14T13:58:33,5,h5,msl_id1,MSL,0.0057,0.3353,,,200,10,1.0,2.0,1.0,,,,lam_mode=auto_tr,0.7172,0.0109,0.0909,0.7645,50,256,0.01
2026-07-14T13:58:33,5,h5,msl_id1,MSL,0.0153,0.3603,,,200,10,1.0,2.0,1.0,,,,,0.7662,0.0217,0.1818,0.7563,50,256,0.01
2026-07-14T13:58:33,5,h5,msl_id1,MSL,0.2403,0.4587,,,200,10,1.5,2.0,1.0,,,,,1.3564,0.0326,0.2727,0.7508,50,256,0.001
2026-07-14T13:58:33,5,h5,msl_id1,MSL,0.2399,0.4055,,,200,10,1.0,2.0,1.0,,,,lam_mode=auto_tr,1.3592,0.0326,0.2727,0.7287,50,256,0.001
2026-07-14T13:58:34,5,h5,msl_id1,MSL,0.0046,0.3179,,,200,10,1.5,2.0,1.0,,,,,0.6974,0.0,0.0,0.7674,50,256,0.01
2026-07-14T14:02:35,5,h5,msl_id3,MSL,0.0602,0.49,,,200,10,1.0,2.0,1.0,,,,,2.4502,0.0492,0.0496,0.7293,50,256,1.0
2026-07-14T14:02:35,5,h5,msl_id3,MSL,0.0631,0.4532,,,200,10,1.5,2.0,1.0,,,,,2.4666,0.0492,0.0496,0.7316,50,256,1.0
2026-07-14T14:02:35,5,h5,msl_id3,MSL,0.0743,0.6382,,,200,10,1.0,2.0,1.0,,,,,2.5588,0.0738,0.0744,0.7344,50,256,0.1
2026-07-14T14:02:35,5,h5,msl_id3,MSL,0.0739,0.5949,,,200,10,1.0,2.0,1.0,,,,lam_mode=auto_tr,2.3863,0.0328,0.0331,0.6869,50,256,1.0
2026-07-14T14:06:37,5,h5,msl_id3,MSL,0.1002,0.7061,,,200,10,1.5,2.0,1.0,,,,,1.5209,0.123,0.124,0.5929,50,256,0.01
2026-07-14T14:06:38,5,h5,msl_id3,MSL,0.1337,0.7396,,,200,10,1.0,2.0,1.0,,,,,1.6006,0.1803,0.1818,0.7966,50,256,0.01
2026-07-14T14:06:38,5,h5,msl_id3,MSL,0.0763,0.6616,,,200,10,1.0,2.0,1.0,,,,lam_mode=auto_tr,2.487,0.0492,0.0496,0.6888,50,256,0.1
2026-07-14T14:06:39,5,h5,msl_id3,MSL,0.071,0.6048,,,200,10,1.5,2.0,1.0,,,,,2.3544,0.0574,0.0579,0.6818,50,256,0.1
2026-07-14T14:10:35,5,h5,msl_id3,MSL,0.118,0.7336,,,200,10,1.0,2.0,1.0,,,,lam_mode=auto_tr,1.5888,0.0984,0.0992,0.6687,50,256,0.01
2026-07-14T14:10:36,5,h5,msl_id3,MSL,0.1395,0.7206,,,200,10,1.0,2.0,1.0,,,,,1.342,0.1393,0.1405,0.8342,50,256,0.001
2026-07-14T14:10:36,5,h5,msl_id3,MSL,0.1424,0.7749,,,200,10,1.5,2.0,1.0,,,,,1.4027,0.1885,0.1901,0.8713,50,256,0.001
2026-07-14T14:10:36,5,h5,msl_id3,MSL,0.1672,0.799,,,200,10,1.0,2.0,1.0,,,,lam_mode=auto_tr,1.4277,0.1967,0.1983,0.8857,50,256,0.001
2026-07-14T14:10:38,5,h5,psm_id1,PSM,0.0984,0.4761,,,200,10,1.0,2.0,1.0,,,,,0.975,0.0485,0.0217,0.6873,50,256,1.0
2026-07-14T14:10:41,5,h5,psm_id1,PSM,0.0984,0.4761,,,200,10,1.5,2.0,1.0,,,,,0.9751,0.0481,0.0215,0.6849,50,256,1.0
2026-07-14T14:10:54,5,h5,psm_id1,PSM,0.0983,0.4763,,,200,10,1.5,2.0,1.0,,,,,0.9792,0.0497,0.0222,0.7072,50,256,0.1
2026-07-14T14:10:58,5,h5,psm_id1,PSM,0.113,0.5022,,,200,10,1.0,2.0,1.0,,,,,1.0094,0.1126,0.0502,0.6941,50,256,0.01
2026-07-14T14:11:06,5,h5,psm_id1,PSM,0.0983,0.4767,,,200,10,1.0,2.0,1.0,,,,lam_mode=auto_tr,0.9798,0.0472,0.0211,0.6816,50,256,0.1
2026-07-14T14:11:09,5,h5,psm_id1,PSM,0.1141,0.5054,,,200,10,1.0,2.0,1.0,,,,lam_mode=auto_tr,1.0105,0.1133,0.0506,0.6829,50,256,0.01
2026-07-14T14:11:09,5,h5,psm_id1,PSM,0.0984,0.476,,,200,10,1.0,2.0,1.0,,,,,0.9786,0.0502,0.0224,0.6739,50,256,0.1
2026-07-14T14:11:14,5,h5,psm_id1,PSM,0.0984,0.4761,,,200,10,1.0,2.0,1.0,,,,lam_mode=auto_tr,0.9751,0.0481,0.0215,0.6911,50,256,1.0
2026-07-14T14:11:15,5,h5,psm_id1,PSM,0.1138,0.5035,,,200,10,1.5,2.0,1.0,,,,,1.0098,0.1156,0.0516,0.6794,50,256,0.01
2026-07-14T14:14:35,5,h5,msl_id11,MSL,0.0857,0.6082,,,200,10,1.0,2.0,1.0,,,,,1.3342,0.1667,0.1782,0.8011,50,256,1.0
2026-07-14T14:14:48,5,h5,msl_id13,MSL,0.114,0.712,,,200,10,1.0,2.0,1.0,,,,,1.9747,0.1803,0.3039,0.7804,50,256,0.01
2026-07-14T14:14:48,5,h5,msl_id13,MSL,0.1606,0.7298,,,200,10,1.0,2.0,1.0,,,,lam_mode=auto_tr,2.429,0.1934,0.326,0.8796,50,256,0.001
2026-07-14T14:14:49,5,h5,msl_id13,MSL,0.1988,0.784,,,200,10,1.0,2.0,1.0,,,,,1.6343,0.2426,0.4088,0.9127,50,256,0.001
2026-07-14T14:14:49,5,h5,msl_id13,MSL,0.078,0.6159,,,200,10,1.5,2.0,1.0,,,,,2.5521,0.0885,0.1492,0.8534,50,256,0.1
2026-07-14T14:14:49,5,h5,msl_id13,MSL,0.2032,0.7303,,,200,10,1.0,2.0,1.0,,,,lam_mode=auto_tr,2.1415,0.2328,0.3923,0.8022,50,256,0.01
2026-07-14T14:14:49,5,h5,msl_id13,MSL,0.09,0.6574,,,200,10,1.0,2.0,1.0,,,,lam_mode=auto_tr,2.5967,0.1148,0.1934,0.8469,50,256,0.1
2026-07-14T14:14:49,5,h5,msl_id13,MSL,0.1009,0.654,,,200,10,1.0,2.0,1.0,,,,,2.6223,0.1311,0.221,0.8159,50,256,0.1
2026-07-14T14:14:49,5,h5,msl_id13,MSL,0.0464,0.5203,,,200,10,1.0,2.0,1.0,,,,lam_mode=auto_tr,2.5663,0.0689,0.116,0.8837,50,256,1.0
2026-07-14T14:14:49,5,h5,msl_id13,MSL,0.1947,0.8046,,,200,10,1.5,2.0,1.0,,,,,2.4733,0.223,0.3757,0.8951,50,256,0.001
2026-07-14T14:14:49,5,h5,msl_id13,MSL,0.1866,0.7435,,,200,10,1.5,2.0,1.0,,,,,2.2123,0.2197,0.3702,0.7963,50,256,0.01
2026-07-14T14:14:49,5,h5,msl_id13,MSL,0.0532,0.5521,,,200,10,1.5,2.0,1.0,,,,,2.5811,0.0951,0.1602,0.8433,50,256,1.0
2026-07-14T14:14:51,5,h5,msl_id13,MSL,0.0491,0.5402,,,200,10,1.0,2.0,1.0,,,,,2.566,0.059,0.0994,0.8473,50,256,1.0
2026-07-14T14:14:55,5,h5,psm_id1,PSM,0.131,0.5265,,,200,10,1.0,2.0,1.0,,,,lam_mode=auto_tr,1.0426,0.1645,0.0734,0.6777,50,256,0.001
2026-07-14T14:15:28,5,h5,psm_id1,PSM,0.1326,0.532,,,200,10,1.5,2.0,1.0,,,,,1.0421,0.1672,0.0746,0.7033,50,256,0.001
2026-07-14T14:17:05,5,h5,psm_id1,PSM,0.1282,0.5244,,,200,10,1.0,2.0,1.0,,,,,1.0342,0.1598,0.0713,0.6835,50,256,0.001
2026-07-14T14:18:31,5,h5,msl_id15,MSL,0.1434,0.5766,,,200,10,1.5,2.0,1.0,,,,,1.1172,0.1091,0.0536,0.8162,50,256,0.1
2026-07-14T14:18:31,5,h5,msl_id15,MSL,0.1032,0.5266,,,200,10,1.5,2.0,1.0,,,,,0.8659,0.0545,0.0268,0.747,50,256,1.0
2026-07-14T14:18:31,5,h5,msl_id15,MSL,0.1002,0.5065,,,200,10,1.0,2.0,1.0,,,,lam_mode=auto_tr,0.9405,0.0545,0.0268,0.8027,50,256,1.0
2026-07-14T14:18:31,5,h5,msl_id15,MSL,0.1081,0.4566,,,200,10,1.0,2.0,1.0,,,,,0.8474,0.0727,0.0357,0.737,50,256,0.1
2026-07-14T14:18:31,5,h5,msl_id15,MSL,0.0992,0.5009,,,200,10,1.0,2.0,1.0,,,,,0.8656,0.0727,0.0357,0.7487,50,256,1.0
2026-07-14T14:18:34,5,h5,msl_id11,MSL,0.0847,0.7207,,,200,10,1.0,2.0,1.0,,,,,1.1363,0.0556,0.0594,0.8058,50,256,0.001
2026-07-14T14:18:34,5,h5,msl_id11,MSL,0.1588,0.7474,,,200,10,1.0,2.0,1.0,,,,lam_mode=auto_tr,1.4546,0.287,0.3069,0.7964,50,256,0.01
2026-07-14T14:18:34,5,h5,msl_id11,MSL,0.1262,0.767,,,200,10,1.5,2.0,1.0,,,,,1.1461,0.1481,0.1584,0.8083,50,256,0.001
2026-07-14T14:18:35,5,h5,msl_id11,MSL,0.0805,0.6293,,,200,10,1.5,2.0,1.0,,,,,1.1992,0.1759,0.1881,0.7873,50,256,1.0
2026-07-14T14:18:35,5,h5,msl_id11,MSL,0.1109,0.6902,,,200,10,1.0,2.0,1.0,,,,,1.3197,0.1574,0.1683,0.7947,50,256,0.01
2026-07-14T14:18:35,5,h5,msl_id11,MSL,0.1385,0.7552,,,200,10,1.0,2.0,1.0,,,,lam_mode=auto_tr,1.1632,0.1852,0.198,0.8,50,256,0.001
2026-07-14T14:18:35,5,h5,msl_id11,MSL,0.0806,0.6356,,,200,10,1.0,2.0,1.0,,,,lam_mode=auto_tr,1.2251,0.1389,0.1485,0.791,50,256,1.0
2026-07-14T14:18:35,5,h5,msl_id11,MSL,0.1783,0.7818,,,200,10,1.0,2.0,1.0,,,,lam_mode=auto_tr,2.0287,0.2037,0.2178,0.8004,50,256,0.1
2026-07-14T14:18:35,5,h5,msl_id11,MSL,0.1938,0.7888,,,200,10,1.5,2.0,1.0,,,,,1.5251,0.3333,0.3564,0.8116,50,256,0.01
2026-07-14T14:18:35,5,h5,msl_id11,MSL,0.1278,0.742,,,200,10,1.5,2.0,1.0,,,,,1.2703,0.0833,0.0891,0.7913,50,256,0.1
2026-07-14T14:18:35,5,h5,msl_id11,MSL,0.1507,0.7474,,,200,10,1.0,2.0,1.0,,,,,1.6171,0.1852,0.198,0.802,50,256,0.1
2026-07-14T14:22:32,5,h5,msl_id15,MSL,0.1861,0.5987,,,200,10,1.5,2.0,1.0,,,,,1.1351,0.2909,0.1429,0.7605,50,256,0.01
2026-07-14T14:22:32,5,h5,msl_id15,MSL,0.0965,0.4313,,,200,10,1.0,2.0,1.0,,,,lam_mode=auto_tr,0.7899,0.0182,0.0089,0.7521,50,256,0.1
2026-07-14T14:22:32,5,h5,msl_id15,MSL,0.1918,0.6239,,,200,10,1.5,2.0,1.0,,,,,1.2243,0.3636,0.1786,0.7153,50,256,0.001
2026-07-14T14:22:32,5,h5,msl_id15,MSL,0.1045,0.469,,,200,10,1.0,2.0,1.0,,,,,1.0091,0.1091,0.0536,0.7235,50,256,0.001
2026-07-14T14:22:32,5,h5,msl_id15,MSL,0.1666,0.6052,,,200,10,1.0,2.0,1.0,,,,lam_mode=auto_tr,1.1394,0.2727,0.1339,0.733,50,256,0.01
2026-07-14T14:22:32,5,h5,msl_id15,MSL,0.1618,0.5778,,,200,10,1.0,2.0,1.0,,,,,1.2241,0.2364,0.1161,0.7379,50,256,0.01
2026-07-14T14:22:33,5,h5,msl_id15,MSL,0.1968,0.6665,,,200,10,1.0,2.0,1.0,,,,lam_mode=auto_tr,1.2213,0.3273,0.1607,0.6986,50,256,0.001
2026-07-14T14:23:24,5,h5,swat_id1,SWaT,0.264,0.7389,,,200,10,1.0,2.0,1.0,,,,,1.1132,0.2893,0.1093,0.7086,50,256,1.0
2026-07-14T14:23:24,5,h5,swat_id1,SWaT,0.2644,0.7393,,,200,10,1.5,2.0,1.0,,,,,1.1135,0.2893,0.1093,0.7105,50,256,1.0
2026-07-14T14:23:25,5,h5,swat_id1,SWaT,0.1544,0.5382,,,200,10,1.0,2.0,1.0,,,,,1.0219,0.1987,0.075,0.7204,50,256,0.01
2026-07-14T14:23:26,5,h5,swat_id1,SWaT,0.1424,0.524,,,200,10,1.0,2.0,1.0,,,,lam_mode=auto_tr,1.0157,0.156,0.0589,0.6833,50,256,0.01
2026-07-14T14:23:26,5,h5,swat_id1,SWaT,0.2687,0.7399,,,200,10,1.0,2.0,1.0,,,,,1.1122,0.2973,0.1123,0.7428,50,256,0.1
2026-07-14T14:23:27,5,h5,swat_id1,SWaT,0.2719,0.7398,,,200,10,1.0,2.0,1.0,,,,lam_mode=auto_tr,1.1121,0.3133,0.1183,0.7109,50,256,0.1
2026-07-14T14:23:27,5,h5,swat_id1,SWaT,0.2657,0.7403,,,200,10,1.0,2.0,1.0,,,,lam_mode=auto_tr,1.114,0.2947,0.1113,0.7318,50,256,1.0
2026-07-14T14:23:27,5,h5,swat_id1,SWaT,0.2695,0.7392,,,200,10,1.5,2.0,1.0,,,,,1.1115,0.308,0.1163,0.7247,50,256,0.1
2026-07-14T14:23:27,5,h5,swat_id1,SWaT,0.1469,0.5363,,,200,10,1.5,2.0,1.0,,,,,1.0192,0.1693,0.0639,0.7629,50,256,0.01
2026-07-14T14:26:34,5,h5,msl_id16,MSL,0.1477,0.6298,,,200,10,1.0,2.0,1.0,,,,lam_mode=auto_tr,1.143,0.1748,0.0994,0.6738,50,256,0.001
2026-07-14T14:26:34,5,h5,msl_id16,MSL,0.1903,0.6575,,,200,10,1.0,2.0,1.0,,,,,1.2692,0.2621,0.1492,0.6544,50,256,0.01
2026-07-14T14:26:34,5,h5,msl_id16,MSL,0.3815,0.9022,,,200,10,1.0,2.0,1.0,,,,lam_mode=auto_tr,2.5731,0.3107,0.1768,0.7115,50,256,1.0
2026-07-14T14:26:34,5,h5,msl_id16,MSL,0.223,0.679,,,200,10,1.5,2.0,1.0,,,,,1.3175,0.3495,0.1989,0.6781,50,256,0.01
2026-07-14T14:26:34,5,h5,msl_id16,MSL,0.2795,0.6975,,,200,10,1.0,2.0,1.0,,,,lam_mode=auto_tr,1.3517,0.4369,0.2486,0.6646,50,256,0.01
2026-07-14T14:26:35,5,h5,msl_id16,MSL,0.4082,0.9045,,,200,10,1.5,2.0,1.0,,,,,2.6955,0.3883,0.221,0.7037,50,256,1.0
2026-07-14T14:26:35,5,h5,msl_id16,MSL,0.1605,0.6856,,,200,10,1.5,2.0,1.0,,,,,1.1701,0.1553,0.0884,0.697,50,256,0.001
2026-07-14T14:26:35,5,h5,msl_id16,MSL,0.4235,0.9144,,,200,10,1.0,2.0,1.0,,,,,2.8142,0.3981,0.2265,0.72,50,256,1.0
2026-07-14T14:26:35,5,h5,msl_id16,MSL,0.1854,0.7161,,,200,10,1.0,2.0,1.0,,,,,1.1346,0.2524,0.1436,0.7378,50,256,0.001
2026-07-14T14:26:38,5,h5,msl_id16,MSL,0.4178,0.9106,,,200,10,1.0,2.0,1.0,,,,,2.1367,0.4563,0.2597,0.7145,50,256,0.1
2026-07-14T14:27:25,5,h5,swat_id1,SWaT,0.14,0.5191,,,200,10,1.5,2.0,1.0,,,,,1.0038,0.1547,0.0584,0.699,50,256,0.001
2026-07-14T14:27:25,5,h5,swat_id1,SWaT,0.1477,0.5219,,,200,10,1.0,2.0,1.0,,,,lam_mode=auto_tr,1.003,0.1947,0.0735,0.7117,50,256,0.001
2026-07-14T14:27:33,5,h5,swat_id1,SWaT,0.1348,0.4973,,,200,10,1.0,2.0,1.0,,,,,1.0013,0.1413,0.0534,0.6779,50,256,0.001
2026-07-14T14:29:09,5,h5,msl_id16,MSL,0.3634,0.8927,,,200,10,1.5,2.0,1.0,,,,,1.9283,0.2816,0.1602,0.7132,50,256,0.1
2026-07-14T14:29:09,5,h5,msl_id16,MSL,0.4367,0.9042,,,200,10,1.0,2.0,1.0,,,,lam_mode=auto_tr,2.1643,0.4078,0.232,0.7295,50,256,0.1
2026-07-14T14:37:02,5,h5,gecco_id1,GECCO,0.0804,0.6415,,,200,10,1.5,2.0,1.0,,,,,3.3599,0.043,0.1727,0.9754,50,256,1.0
2026-07-14T14:37:49,5,h5,gecco_id1,GECCO,0.085,0.6196,,,200,10,1.0,2.0,1.0,,,,,2.597,0.0442,0.1773,0.9775,50,256,0.1
2026-07-14T14:37:56,5,h5,gecco_id1,GECCO,0.0792,0.6373,,,200,10,1.0,2.0,1.0,,,,lam_mode=auto_tr,3.3527,0.044,0.1767,0.9747,50,256,1.0
2026-07-14T14:39:48,5,h5,gecco_id1,GECCO,0.0796,0.6338,,,200,10,1.0,2.0,1.0,,,,,3.3522,0.0432,0.1732,0.9752,50,256,1.0
2026-07-14T14:45:21,5,h5,gecco_id1,GECCO,0.0811,0.6568,,,200,10,1.0,2.0,1.0,,,,lam_mode=auto_tr,2.6076,0.0414,0.1663,0.9736,50,256,0.1
2026-07-14T14:45:43,5,h5,gecco_id1,GECCO,0.0718,0.5413,,,200,10,1.0,2.0,1.0,,,,,2.2544,0.0292,0.117,0.9684,50,256,0.01
2026-07-14T14:45:55,5,h5,gecco_id1,GECCO,0.0775,0.6344,,,200,10,1.5,2.0,1.0,,,,,2.5899,0.036,0.1443,0.9707,50,256,0.1
2026-07-14T14:51:45,5,h5,gecco_id1,GECCO,0.0723,0.5307,,,200,10,1.5,2.0,1.0,,,,,2.2901,0.0321,0.1286,0.9739,50,256,0.01
2026-07-14T15:00:34,5,h5,swat_id2,SWaT,0.6291,0.7932,,,200,10,1.0,2.0,1.0,,,,,1.315,0.893,0.3563,0.8765,50,256,1.0
2026-07-14T15:03:25,5,h5,swat_id2,SWaT,0.598,0.7909,,,200,10,1.5,2.0,1.0,,,,,1.3095,0.8393,0.3349,0.8756,50,256,1.0
2026-07-14T15:03:56,5,h5,swat_id2,SWaT,0.6207,0.7928,,,200,10,1.0,2.0,1.0,,,,lam_mode=auto_tr,1.3134,0.8766,0.3498,0.8762,50,256,1.0
2026-07-14T15:03:56,5,h5,swat_id2,SWaT,0.1177,0.3875,,,200,10,1.0,2.0,1.0,,,,,0.975,0.1678,0.0669,0.8782,50,256,0.01
2026-07-14T15:04:02,5,h5,swat_id2,SWaT,0.5843,0.7935,,,200,10,1.5,2.0,1.0,,,,,1.2965,0.8209,0.3275,0.867,50,256,0.1
2026-07-14T15:04:05,5,h5,swat_id2,SWaT,0.2158,0.5243,,,200,10,1.0,2.0,1.0,,,,lam_mode=auto_tr,1.1801,0.3255,0.1299,0.892,50,256,0.001
2026-07-14T15:04:09,5,h5,swat_id2,SWaT,0.1442,0.4692,,,200,10,1.5,2.0,1.0,,,,,1.0035,0.2289,0.0913,0.8748,50,256,0.01
2026-07-14T15:04:12,5,h5,swat_id2,SWaT,0.1164,0.3648,,,200,10,1.0,2.0,1.0,,,,lam_mode=auto_tr,0.9601,0.1783,0.0712,0.8397,50,256,0.01
2026-07-14T15:04:14,5,h5,swat_id2,SWaT,0.1602,0.5091,,,200,10,1.5,2.0,1.0,,,,,1.0776,0.2315,0.0924,0.8775,50,256,0.001
2026-07-14T15:04:21,5,h5,swat_id2,SWaT,0.5922,0.792,,,200,10,1.0,2.0,1.0,,,,,1.2943,0.8349,0.3331,0.8763,50,256,0.1
2026-07-14T15:04:24,5,h5,swat_id2,SWaT,0.6048,0.7945,,,200,10,1.0,2.0,1.0,,,,lam_mode=auto_tr,1.296,0.8511,0.3396,0.8788,50,256,0.1
2026-07-14T15:04:29,5,h5,swat_id2,SWaT,0.1379,0.4925,,,200,10,1.0,2.0,1.0,,,,,1.0564,0.1762,0.0703,0.8799,50,256,0.001
2026-07-14T15:15:33,5,h5,gecco_id1,GECCO,0.0706,0.5433,,,200,10,1.0,2.0,1.0,,,,lam_mode=auto_tr,2.2934,0.03,0.1205,0.9699,50,256,0.01
2026-07-14T15:17:36,5,h5,gecco_id1,GECCO,0.6082,0.947,,,200,10,1.0,2.0,1.0,,,,lam_mode=auto_tr,13.9634,0.207,0.8308,0.9297,50,256,0.001
2026-07-14T15:18:06,5,h5,gecco_id1,GECCO,0.6048,0.9473,,,200,10,1.5,2.0,1.0,,,,,15.4491,0.2076,0.8331,0.9327,50,256,0.001
2026-07-14T15:19:18,5,h5,opportunity_id5,OPPORTUNITY,0.7019,0.9779,,,200,10,1.5,2.0,1.0,,,,,1.8035,0.7135,0.5188,0.9401,50,256,1.0
2026-07-14T15:19:19,5,h5,opportunity_id5,OPPORTUNITY,0.7078,0.9786,,,200,10,1.0,2.0,1.0,,,,,1.8047,0.7077,0.5146,0.9358,50,256,1.0
2026-07-14T15:20:56,5,h5,gecco_id1,GECCO,0.5273,0.9101,,,200,10,1.0,2.0,1.0,,,,,11.3116,0.1864,0.748,0.938,50,256,0.001
2026-07-14T15:23:12,5,h5,opportunity_id5,OPPORTUNITY,0.662,0.9761,,,200,10,1.0,2.0,1.0,,,,,1.8153,0.6934,0.5042,0.9337,50,256,0.01
2026-07-14T15:23:13,5,h5,opportunity_id5,OPPORTUNITY,0.7028,0.9781,,,200,10,1.0,2.0,1.0,,,,lam_mode=auto_tr,1.7992,0.7221,0.525,0.9375,50,256,0.1
2026-07-14T15:23:13,5,h5,opportunity_id5,OPPORTUNITY,0.7072,0.9786,,,200,10,1.5,2.0,1.0,,,,,1.8004,0.7221,0.525,0.9396,50,256,0.1
2026-07-14T15:23:13,5,h5,opportunity_id5,OPPORTUNITY,0.71,0.9787,,,200,10,1.0,2.0,1.0,,,,,1.7997,0.7249,0.5271,0.9432,50,256,0.1
2026-07-14T15:23:22,5,h5,opportunity_id5,OPPORTUNITY,0.7003,0.9777,,,200,10,1.0,2.0,1.0,,,,lam_mode=auto_tr,1.8032,0.7135,0.5188,0.9425,50,256,1.0
2026-07-14T15:27:12,5,h5,opportunity_id5,OPPORTUNITY,0.6398,0.9753,,,200,10,1.0,2.0,1.0,,,,lam_mode=auto_tr,1.81,0.6762,0.4917,0.9353,50,256,0.01
2026-07-14T15:27:13,5,h5,opportunity_id5,OPPORTUNITY,0.6409,0.9751,,,200,10,1.5,2.0,1.0,,,,,1.8171,0.6676,0.4854,0.9369,50,256,0.01
2026-07-14T15:27:18,5,h5,opportunity_id5,OPPORTUNITY,0.4593,0.9521,,,200,10,1.0,2.0,1.0,,,,,1.2394,0.5186,0.3771,0.9439,50,256,0.001
2026-07-14T15:30:57,5,h5,tao_id5,TAO,0.1625,0.6705,,,200,10,1.0,2.0,1.0,,,,lam_mode=auto_tr,1.4401,0.296,0.1551,0.9375,50,256,1.0
2026-07-14T15:31:05,5,h5,tao_id5,TAO,0.1696,0.6777,,,200,10,1.5,2.0,1.0,,,,,1.4454,0.296,0.1551,0.9389,50,256,1.0
2026-07-14T15:31:17,5,h5,opportunity_id5,OPPORTUNITY,0.4069,0.9422,,,200,10,1.0,2.0,1.0,,,,lam_mode=auto_tr,1.2348,0.4413,0.3208,0.9401,50,256,0.001
2026-07-14T15:31:17,5,h5,opportunity_id5,OPPORTUNITY,0.4449,0.9467,,,200,10,1.5,2.0,1.0,,,,,1.235,0.5072,0.3688,0.9456,50,256,0.001
2026-07-14T15:32:55,5,h5,tao_id5,TAO,0.1538,0.6636,,,200,10,1.0,2.0,1.0,,,,,1.4297,0.266,0.1394,0.9398,50,256,1.0
2026-07-14T15:34:55,5,h5,tao_id5,TAO,0.1245,0.5358,,,200,10,1.0,2.0,1.0,,,,,1.0481,0.188,0.0985,0.941,50,256,0.01
2026-07-14T15:34:56,5,h5,tao_id5,TAO,0.1148,0.5202,,,200,10,1.0,2.0,1.0,,,,lam_mode=auto_tr,1.0147,0.16,0.0839,0.9417,50,256,0.1
2026-07-14T15:34:56,5,h5,tao_id5,TAO,0.127,0.5308,,,200,10,1.5,2.0,1.0,,,,,1.0317,0.18,0.0943,0.9375,50,256,0.1
2026-07-14T15:34:56,5,h5,tao_id5,TAO,0.121,0.5228,,,200,10,1.5,2.0,1.0,,,,,1.0335,0.18,0.0943,0.9416,50,256,0.01
2026-07-14T15:34:56,5,h5,tao_id5,TAO,0.1176,0.518,,,200,10,1.0,2.0,1.0,,,,lam_mode=auto_tr,1.0291,0.16,0.0839,0.9452,50,256,0.01
2026-07-14T15:34:57,5,h5,tao_id5,TAO,0.9925,0.9946,,,200,10,1.5,2.0,1.0,,,,,40.7197,1.0,0.5241,0.7208,50,256,0.001
2026-07-14T15:34:57,5,h5,tao_id5,TAO,0.9924,0.9952,,,200,10,1.0,2.0,1.0,,,,,41.0867,1.0,0.5241,0.7082,50,256,0.001
2026-07-14T15:34:58,5,h5,tao_id9,TAO,0.0536,0.5514,,,200,10,1.0,2.0,1.0,,,,,1.0591,0.074,0.0766,0.925,50,256,1.0
2026-07-14T15:34:59,5,h5,tao_id5,TAO,0.9923,0.994,,,200,10,1.0,2.0,1.0,,,,lam_mode=auto_tr,39.3466,1.0,0.5241,0.6984,50,256,0.001
2026-07-14T15:35:04,5,h5,tao_id5,TAO,0.1354,0.5413,,,200,10,1.0,2.0,1.0,,,,,1.0455,0.204,0.1069,0.9406,50,256,0.1
2026-07-14T15:38:58,5,h5,tao_id9,TAO,0.05,0.4707,,,200,10,1.0,2.0,1.0,,,,lam_mode=auto_tr,0.9667,0.06,0.0621,0.9253,50,256,0.1
2026-07-14T15:38:58,5,h5,tao_id9,TAO,0.0538,0.4917,,,200,10,1.5,2.0,1.0,,,,,0.9817,0.066,0.0683,0.9275,50,256,0.1
2026-07-14T15:38:58,5,h5,tao_id9,TAO,0.067,0.5066,,,200,10,1.5,2.0,1.0,,,,,1.0133,0.084,0.087,0.9269,50,256,0.01
2026-07-14T15:38:59,5,h5,tao_id9,TAO,0.0784,0.5359,,,200,10,1.0,2.0,1.0,,,,lam_mode=auto_tr,1.0541,0.114,0.118,0.9233,50,256,0.01
2026-07-14T15:38:59,5,h5,tao_id9,TAO,0.9924,0.9944,,,200,10,1.0,2.0,1.0,,,,,51.0924,0.958,0.9917,0.7446,50,256,0.001
2026-07-14T15:38:59,5,h5,tao_id9,TAO,0.9922,0.9935,,,200,10,1.5,2.0,1.0,,,,,50.6775,0.958,0.9917,0.7391,50,256,0.001
2026-07-14T15:39:00,5,h5,tao_id9,TAO,0.0584,0.5219,,,200,10,1.0,2.0,1.0,,,,,1.0254,0.084,0.087,0.9293,50,256,0.01
2026-07-14T15:39:00,5,h5,tao_id1,TAO,0.0758,0.5734,,,200,10,1.0,2.0,1.0,,,,,1.038,0.166,0.1687,0.9276,50,256,1.0
2026-07-14T15:39:00,5,h5,tao_id9,TAO,0.9929,0.9952,,,200,10,1.0,2.0,1.0,,,,lam_mode=auto_tr,50.6402,0.958,0.9917,0.7277,50,256,0.001
2026-07-14T15:39:01,5,h5,tao_id9,TAO,0.0549,0.5696,,,200,10,1.0,2.0,1.0,,,,lam_mode=auto_tr,1.1081,0.06,0.0621,0.9273,50,256,1.0
2026-07-14T15:39:02,5,h5,tao_id9,TAO,0.058,0.4886,,,200,10,1.0,2.0,1.0,,,,,0.9813,0.078,0.0807,0.9241,50,256,0.1
2026-07-14T15:40:49,5,h5,tao_id9,TAO,0.0538,0.5625,,,200,10,1.5,2.0,1.0,,,,,1.1009,0.062,0.0642,0.9264,50,256,1.0
2026-07-14T15:42:58,5,h5,tao_id1,TAO,0.0545,0.4931,,,200,10,1.0,2.0,1.0,,,,lam_mode=auto_tr,0.9897,0.078,0.0793,0.9283,50,256,0.1
2026-07-14T15:42:58,5,h5,tao_id1,TAO,0.0649,0.5241,,,200,10,1.5,2.0,1.0,,,,,1.0407,0.102,0.1037,0.9268,50,256,0.01
2026-07-14T15:42:58,5,h5,tao_id1,TAO,0.0646,0.5168,,,200,10,1.0,2.0,1.0,,,,,1.0247,0.092,0.0935,0.93,50,256,0.01
2026-07-14T15:42:58,5,h5,tao_id1,TAO,0.0662,0.5141,,,200,10,1.5,2.0,1.0,,,,,1.0162,0.11,0.1118,0.9312,50,256,0.1
2026-07-14T15:42:59,5,h5,tao_id1,TAO,0.0622,0.5387,,,200,10,1.0,2.0,1.0,,,,lam_mode=auto_tr,1.0474,0.09,0.0915,0.9313,50,256,0.01
2026-07-14T15:42:59,5,h5,tao_id1,TAO,0.066,0.5262,,,200,10,1.0,2.0,1.0,,,,,1.024,0.1,0.1016,0.9253,50,256,0.1
2026-07-14T15:42:59,5,h5,tao_id1,TAO,0.9925,0.9948,,,200,10,1.0,2.0,1.0,,,,lam_mode=auto_tr,49.2197,0.976,0.9919,0.6754,50,256,0.001
2026-07-14T15:42:59,5,h5,tao_id1,TAO,0.06,0.5557,,,200,10,1.5,2.0,1.0,,,,,1.0108,0.094,0.0955,0.9283,50,256,1.0
2026-07-14T15:42:59,5,h5,tao_id3,TAO,0.3748,0.7786,,,200,10,1.0,2.0,1.0,,,,,1.8101,0.484,0.4959,0.923,50,256,1.0
2026-07-14T15:43:00,5,h5,tao_id1,TAO,0.9927,0.9953,,,200,10,1.5,2.0,1.0,,,,,48.8405,0.976,0.9919,0.7076,50,256,0.001
2026-07-14T15:43:00,5,h5,tao_id1,TAO,0.9929,0.9954,,,200,10,1.0,2.0,1.0,,,,,50.1446,0.976,0.9919,0.7093,50,256,0.001
2026-07-14T15:43:00,5,h5,tao_id3,TAO,0.3098,0.7747,,,200,10,1.5,2.0,1.0,,,,,1.7159,0.464,0.4754,0.9258,50,256,1.0
2026-07-14T15:43:01,5,h5,tao_id1,TAO,0.0629,0.5593,,,200,10,1.0,2.0,1.0,,,,lam_mode=auto_tr,1.021,0.118,0.1199,0.9296,50,256,1.0
2026-07-14T15:43:01,5,h5,tao_id3,TAO,0.3297,0.7752,,,200,10,1.0,2.0,1.0,,,,lam_mode=auto_tr,1.7478,0.472,0.4836,0.9318,50,256,1.0
2026-07-14T15:46:58,5,h5,tao_id3,TAO,0.9943,0.9956,,,200,10,1.5,2.0,1.0,,,,,50.0793,0.97,0.9939,0.7035,50,256,0.001
2026-07-14T15:46:58,5,h5,tao_id12,TAO,0.0508,0.5595,,,200,10,1.0,2.0,1.0,,,,,1.2023,0.042,0.0433,0.9322,50,256,1.0
2026-07-14T15:46:58,5,h5,tao_id3,TAO,0.9944,0.9967,,,200,10,1.0,2.0,1.0,,,,lam_mode=auto_tr,50.4954,0.97,0.9939,0.7164,50,256,0.001
2026-07-14T15:46:58,5,h5,tao_id3,TAO,0.9942,0.9952,,,200,10,1.0,2.0,1.0,,,,,51.0297,0.97,0.9939,0.7334,50,256,0.001
2026-07-14T15:46:59,5,h5,tao_id3,TAO,0.0615,0.5116,,,200,10,1.0,2.0,1.0,,,,,1.0209,0.086,0.0881,0.9314,50,256,0.01
2026-07-14T15:46:59,5,h5,tao_id3,TAO,0.0697,0.5386,,,200,10,1.0,2.0,1.0,,,,lam_mode=auto_tr,1.0557,0.1,0.1025,0.9308,50,256,0.01
2026-07-14T15:46:59,5,h5,tao_id12,TAO,0.0551,0.4866,,,200,10,1.5,2.0,1.0,,,,,0.9919,0.072,0.0742,0.9234,50,256,0.1
2026-07-14T15:46:59,5,h5,tao_id3,TAO,0.0879,0.5775,,,200,10,1.0,2.0,1.0,,,,lam_mode=auto_tr,1.0775,0.144,0.1475,0.9266,50,256,0.1
2026-07-14T15:46:59,5,h5,tao_id12,TAO,0.0548,0.5829,,,200,10,1.5,2.0,1.0,,,,,1.2372,0.05,0.0515,0.9284,50,256,1.0
2026-07-14T15:46:59,5,h5,tao_id12,TAO,0.0552,0.5827,,,200,10,1.0,2.0,1.0,,,,lam_mode=auto_tr,1.2419,0.054,0.0557,0.9277,50,256,1.0
2026-07-14T15:46:59,5,h5,tao_id12,TAO,0.0543,0.4996,,,200,10,1.0,2.0,1.0,,,,lam_mode=auto_tr,0.9965,0.056,0.0577,0.9257,50,256,0.1
2026-07-14T15:46:59,5,h5,tao_id12,TAO,0.0587,0.5219,,,200,10,1.0,2.0,1.0,,,,,1.02,0.078,0.0804,0.9336,50,256,0.1
2026-07-14T15:46:59,5,h5,tao_id12,TAO,0.0638,0.5207,,,200,10,1.0,2.0,1.0,,,,,1.0323,0.102,0.1052,0.93,50,256,0.01
2026-07-14T15:46:59,5,h5,tao_id3,TAO,0.0855,0.5701,,,200,10,1.5,2.0,1.0,,,,,1.0665,0.138,0.1414,0.929,50,256,0.1
2026-07-14T15:47:00,5,h5,tao_id3,TAO,0.0643,0.5308,,,200,10,1.5,2.0,1.0,,,,,1.0385,0.092,0.0943,0.9318,50,256,0.01
2026-07-14T15:47:01,5,h5,tao_id3,TAO,0.0869,0.6173,,,200,10,1.0,2.0,1.0,,,,,1.1101,0.124,0.127,0.9239,50,256,0.1
2026-07-14T15:50:55,5,h5,tao_id4,TAO,0.1005,0.4773,,,200,10,1.0,2.0,1.0,,,,lam_mode=auto_tr,0.9782,0.134,0.0709,0.9449,50,256,0.1
2026-07-14T15:50:56,5,h5,tao_id4,TAO,0.1071,0.4688,,,200,10,1.5,2.0,1.0,,,,,0.9716,0.144,0.0762,0.9452,50,256,0.1
2026-07-14T15:50:56,5,h5,tao_id4,TAO,0.1324,0.5301,,,200,10,1.5,2.0,1.0,,,,,1.0434,0.166,0.0878,0.9447,50,256,0.01
2026-07-14T15:50:56,5,h5,tao_id4,TAO,0.1232,0.5248,,,200,10,1.0,2.0,1.0,,,,lam_mode=auto_tr,1.0369,0.18,0.0952,0.9498,50,256,0.01
2026-07-14T15:50:56,5,h5,tao_id4,TAO,0.1265,0.5003,,,200,10,1.0,2.0,1.0,,,,,1.0037,0.194,0.1026,0.9427,50,256,0.1
2026-07-14T15:50:57,5,h5,tao_id4,TAO,0.9946,0.9958,,,200,10,1.0,2.0,1.0,,,,,41.0717,1.0,0.5291,0.7213,50,256,0.001
2026-07-14T15:50:57,5,h5,tao_id4,TAO,0.9947,0.996,,,200,10,1.5,2.0,1.0,,,,,39.5257,1.0,0.5291,0.6979,50,256,0.001
2026-07-14T15:50:57,5,h5,tao_id4,TAO,0.1874,0.663,,,200,10,1.0,2.0,1.0,,,,lam_mode=auto_tr,1.2726,0.364,0.1926,0.9441,50,256,1.0
2026-07-14T15:50:57,5,h5,tao_id4,TAO,0.1739,0.6432,,,200,10,1.0,2.0,1.0,,,,,1.2253,0.33,0.1746,0.9437,50,256,1.0
2026-07-14T15:50:57,5,h5,tao_id4,TAO,0.1781,0.6575,,,200,10,1.5,2.0,1.0,,,,,1.2697,0.34,0.1799,0.944,50,256,1.0
2026-07-14T15:51:01,5,h5,tao_id12,TAO,0.9942,0.9953,,,200,10,1.0,2.0,1.0,,,,,51.8563,0.964,0.9938,0.7165,50,256,0.001
2026-07-14T15:51:02,5,h5,tao_id12,TAO,0.9944,0.996,,,200,10,1.5,2.0,1.0,,,,,52.0134,0.964,0.9938,0.7149,50,256,0.001
2026-07-14T15:51:02,5,h5,tao_id12,TAO,0.9943,0.9958,,,200,10,1.0,2.0,1.0,,,,lam_mode=auto_tr,50.5913,0.964,0.9938,0.6864,50,256,0.001
2026-07-14T15:51:03,5,h5,tao_id12,TAO,0.0687,0.5328,,,200,10,1.0,2.0,1.0,,,,lam_mode=auto_tr,1.0412,0.086,0.0887,0.9303,50,256,0.01
2026-07-14T15:51:05,5,h5,tao_id12,TAO,0.0607,0.5119,,,200,10,1.5,2.0,1.0,,,,,1.0214,0.08,0.0825,0.9342,50,256,0.01
2026-07-14T15:52:58,5,h5,tao_id4,TAO,0.1166,0.5284,,,200,10,1.0,2.0,1.0,,,,,1.0381,0.164,0.0868,0.9437,50,256,0.01
2026-07-14T15:54:56,5,h5,tao_id4,TAO,0.9944,0.995,,,200,10,1.0,2.0,1.0,,,,lam_mode=auto_tr,40.0091,1.0,0.5291,0.7033,50,256,0.001
2026-07-14T16:13:09,5,h5,tao_id7,TAO,0.2313,0.772,,,200,10,1.0,2.0,1.0,,,,,1.5796,0.342,0.1804,0.9421,50,256,1.0
2026-07-14T16:26:53,5,h5,tao_id7,TAO,0.2397,0.7663,,,200,10,1.5,2.0,1.0,,,,,1.5916,0.384,0.2025,0.9434,50,256,1.0
2026-07-14T16:29:14,5,h5,tao_id7,TAO,0.2394,0.7656,,,200,10,1.0,2.0,1.0,,,,lam_mode=auto_tr,1.5892,0.386,0.2036,0.9432,50,256,1.0
2026-07-14T17:25:08,5,h5,tao_id7,TAO,0.1132,0.5107,,,200,10,1.0,2.0,1.0,,,,,1.0154,0.158,0.0833,0.9434,50,256,0.1
2026-07-14T17:26:55,5,h5,tao_id7,TAO,0.1199,0.535,,,200,10,1.0,2.0,1.0,,,,,1.0431,0.174,0.0918,0.9418,50,256,0.01
2026-07-14T17:29:31,5,h5,tao_id7,TAO,0.0878,0.4636,,,200,10,1.5,2.0,1.0,,,,,0.9641,0.088,0.0464,0.9432,50,256,0.1
2026-07-14T17:29:31,5,h5,tao_id7,TAO,0.1042,0.4681,,,200,10,1.0,2.0,1.0,,,,lam_mode=auto_tr,0.9727,0.178,0.0939,0.9428,50,256,0.1
2026-07-14T17:30:50,5,h5,tao_id7,TAO,0.1234,0.5227,,,200,10,1.5,2.0,1.0,,,,,1.0354,0.176,0.0928,0.9443,50,256,0.01
2026-07-14T17:30:53,5,h5,tao_id7,TAO,0.1129,0.5215,,,200,10,1.0,2.0,1.0,,,,lam_mode=auto_tr,1.0273,0.144,0.0759,0.9464,50,256,0.01
2026-07-14T17:30:55,5,h5,tao_id7,TAO,0.9944,0.9945,,,200,10,1.0,2.0,1.0,,,,,40.9406,1.0,0.5274,0.7226,50,256,0.001
2026-07-14T17:34:54,5,h5,tao_id11,TAO,0.1027,0.5016,,,200,10,1.0,2.0,1.0,,,,lam_mode=auto_tr,1.0008,0.12,0.0626,0.9488,50,256,0.1
2026-07-14T17:34:54,5,h5,tao_id11,TAO,0.1345,0.5286,,,200,10,1.0,2.0,1.0,,,,,1.0449,0.204,0.1064,0.9481,50,256,0.01
2026-07-14T17:34:55,5,h5,tao_id11,TAO,0.1382,0.6475,,,200,10,1.5,2.0,1.0,,,,,1.4134,0.218,0.1137,0.9432,50,256,1.0
2026-07-14T17:34:59,5,h5,tao_id11,TAO,0.0989,0.4876,,,200,10,1.5,2.0,1.0,,,,,0.9865,0.116,0.0605,0.9467,50,256,0.1
2026-07-14T17:37:24,5,h5,tao_id11,TAO,0.1306,0.6354,,,200,10,1.0,2.0,1.0,,,,,1.3945,0.188,0.098,0.9429,50,256,1.0
2026-07-14T17:37:24,5,h5,tao_id7,TAO,0.9946,0.9957,,,200,10,1.0,2.0,1.0,,,,lam_mode=auto_tr,40.124,1.0,0.5274,0.7052,50,256,0.001
2026-07-14T17:37:26,5,h5,tao_id7,TAO,0.9945,0.9957,,,200,10,1.5,2.0,1.0,,,,,40.5427,1.0,0.5274,0.7029,50,256,0.001
2026-07-14T17:37:42,5,h5,tao_id11,TAO,0.1109,0.5148,,,200,10,1.0,2.0,1.0,,,,,1.0137,0.158,0.0824,0.945,50,256,0.1
2026-07-14T17:37:42,5,h5,tao_id11,TAO,0.1418,0.6508,,,200,10,1.0,2.0,1.0,,,,lam_mode=auto_tr,1.415,0.224,0.1168,0.9446,50,256,1.0
2026-07-14T17:38:50,5,h5,tao_id2,TAO,0.1765,0.5123,,,200,10,1.0,2.0,1.0,,,,,1.0101,0.254,0.091,0.9627,50,256,0.1
2026-07-14T17:38:54,5,h5,tao_id11,TAO,0.9957,0.9972,,,200,10,1.0,2.0,1.0,,,,,39.7641,1.0,0.5214,0.726,50,256,0.001
2026-07-14T17:38:58,5,h5,tao_id11,TAO,0.1198,0.524,,,200,10,1.0,2.0,1.0,,,,lam_mode=auto_tr,1.031,0.162,0.0845,0.9455,50,256,0.01
2026-07-14T17:38:58,5,h5,tao_id2,TAO,0.1181,0.3934,,,200,10,1.5,2.0,1.0,,,,,0.8867,0.128,0.0459,0.9614,50,256,0.1
2026-07-14T17:38:58,5,h5,tao_id2,TAO,0.136,0.4217,,,200,10,1.0,2.0,1.0,,,,lam_mode=auto_tr,0.9185,0.182,0.0652,0.9628,50,256,0.1
2026-07-14T17:38:59,5,h5,tao_id11,TAO,0.9955,0.9964,,,200,10,1.5,2.0,1.0,,,,,39.0615,1.0,0.5214,0.7243,50,256,0.001
2026-07-14T17:38:59,5,h5,tao_id2,TAO,0.5272,0.7569,,,200,10,1.0,2.0,1.0,,,,lam_mode=auto_tr,1.6559,0.784,0.281,0.96,50,256,1.0
2026-07-14T17:39:00,5,h5,tao_id2,TAO,0.5309,0.7572,,,200,10,1.5,2.0,1.0,,,,,1.6567,0.796,0.2853,0.9616,50,256,1.0
2026-07-14T17:39:04,5,h5,tao_id2,TAO,0.5234,0.7504,,,200,10,1.0,2.0,1.0,,,,,1.6211,0.784,0.281,0.9629,50,256,1.0
2026-07-14T17:41:25,5,h5,tao_id11,TAO,0.9956,0.9962,,,200,10,1.0,2.0,1.0,,,,lam_mode=auto_tr,39.8473,1.0,0.5214,0.7034,50,256,0.001
2026-07-14T17:41:29,5,h5,tao_id11,TAO,0.131,0.5418,,,200,10,1.5,2.0,1.0,,,,,1.0556,0.186,0.097,0.948,50,256,0.01
2026-07-14T17:42:50,5,h5,tao_id6,TAO,0.1448,0.4423,,,200,10,1.5,2.0,1.0,,,,,0.9364,0.22,0.0781,0.9631,50,256,0.1
2026-07-14T17:42:53,5,h5,tao_id6,TAO,0.1762,0.5343,,,200,10,1.0,2.0,1.0,,,,,1.0437,0.264,0.0937,0.9646,50,256,0.01
2026-07-14T17:42:53,5,h5,tao_id2,TAO,0.9959,0.9963,,,200,10,1.0,2.0,1.0,,,,,34.9113,1.0,0.3584,0.7286,50,256,0.001
2026-07-14T17:42:54,5,h5,tao_id6,TAO,0.2029,0.5359,,,200,10,1.0,2.0,1.0,,,,,1.0325,0.32,0.1136,0.9653,50,256,0.1
2026-07-14T17:42:55,5,h5,tao_id6,TAO,0.3667,0.6785,,,200,10,1.0,2.0,1.0,,,,lam_mode=auto_tr,1.3657,0.67,0.2378,0.9622,50,256,1.0
2026-07-14T17:42:55,5,h5,tao_id6,TAO,0.151,0.445,,,200,10,1.0,2.0,1.0,,,,lam_mode=auto_tr,0.933,0.216,0.0767,0.9658,50,256,0.1
2026-07-14T17:42:57,5,h5,tao_id2,TAO,0.1745,0.5281,,,200,10,1.0,2.0,1.0,,,,lam_mode=auto_tr,1.0379,0.224,0.0803,0.963,50,256,0.01
2026-07-14T17:42:57,5,h5,tao_id6,TAO,0.375,0.6775,,,200,10,1.5,2.0,1.0,,,,,1.3831,0.694,0.2463,0.9644,50,256,1.0
2026-07-14T17:42:58,5,h5,tao_id2,TAO,0.176,0.528,,,200,10,1.5,2.0,1.0,,,,,1.0374,0.228,0.0817,0.9646,50,256,0.01
2026-07-14T17:42:58,5,h5,tao_id2,TAO,0.9961,0.9967,,,200,10,1.0,2.0,1.0,,,,lam_mode=auto_tr,34.8829,1.0,0.3584,0.7304,50,256,0.001
2026-07-14T17:43:00,5,h5,tao_id2,TAO,0.17,0.5214,,,200,10,1.0,2.0,1.0,,,,,1.0307,0.232,0.0832,0.9633,50,256,0.01
2026-07-14T17:43:02,5,h5,tao_id2,TAO,0.9959,0.9964,,,200,10,1.5,2.0,1.0,,,,,34.2146,1.0,0.3584,0.7222,50,256,0.001
2026-07-14T17:45:20,5,h5,tao_id6,TAO,0.4021,0.6892,,,200,10,1.0,2.0,1.0,,,,,1.4048,0.748,0.2654,0.9636,50,256,1.0
2026-07-14T17:46:50,5,h5,tao_id13,TAO,0.1409,0.4344,,,200,10,1.0,2.0,1.0,,,,lam_mode=auto_tr,0.9292,0.206,0.0731,0.9666,50,256,0.1
2026-07-14T17:46:53,5,h5,tao_id13,TAO,0.1838,0.5335,,,200,10,1.5,2.0,1.0,,,,,1.0466,0.26,0.0923,0.9659,50,256,0.01
2026-07-14T17:46:53,5,h5,tao_id6,TAO,0.9981,0.999,,,200,10,1.5,2.0,1.0,,,,,35.0225,1.0,0.3549,0.7123,50,256,0.001
2026-07-14T17:46:54,5,h5,tao_id6,TAO,0.9974,0.9979,,,200,10,1.0,2.0,1.0,,,,,34.2421,1.0,0.3549,0.73,50,256,0.001
2026-07-14T17:46:56,5,h5,tao_id13,TAO,0.1717,0.528,,,200,10,1.0,2.0,1.0,,,,,1.0373,0.224,0.0795,0.9666,50,256,0.01
2026-07-14T17:46:58,5,h5,tao_id6,TAO,0.9977,0.9986,,,200,10,1.0,2.0,1.0,,,,lam_mode=auto_tr,34.2392,1.0,0.3549,0.7228,50,256,0.001
2026-07-14T17:46:59,5,h5,tao_id6,TAO,0.1839,0.537,,,200,10,1.0,2.0,1.0,,,,lam_mode=auto_tr,1.0516,0.276,0.0979,0.9664,50,256,0.01
2026-07-14T17:46:59,5,h5,tao_id13,TAO,0.1954,0.5295,,,200,10,1.0,2.0,1.0,,,,,1.028,0.322,0.1143,0.9653,50,256,0.1
2026-07-14T17:47:01,5,h5,tao_id6,TAO,0.1809,0.5251,,,200,10,1.5,2.0,1.0,,,,,1.0384,0.264,0.0937,0.9639,50,256,0.01
2026-07-14T17:47:01,5,h5,tao_id13,TAO,0.3985,0.6858,,,200,10,1.0,2.0,1.0,,,,,1.4109,0.728,0.2583,0.9621,50,256,1.0
2026-07-14T17:47:02,5,h5,tao_id13,TAO,0.1374,0.4169,,,200,10,1.5,2.0,1.0,,,,,0.9129,0.178,0.0632,0.9664,50,256,0.1
2026-07-14T17:47:03,5,h5,tao_id13,TAO,0.3687,0.6795,,,200,10,1.0,2.0,1.0,,,,lam_mode=auto_tr,1.3821,0.688,0.2441,0.9633,50,256,1.0
2026-07-14T17:49:33,5,h5,tao_id13,TAO,0.3732,0.6776,,,200,10,1.5,2.0,1.0,,,,,1.3776,0.688,0.2441,0.9635,50,256,1.0
2026-07-14T17:50:52,5,h5,tao_id10,TAO,0.1058,0.4958,,,200,10,1.0,2.0,1.0,,,,lam_mode=auto_tr,0.9966,0.13,0.0689,0.9445,50,256,0.1
2026-07-14T17:50:54,5,h5,tao_id13,TAO,0.9973,0.9979,,,200,10,1.0,2.0,1.0,,,,lam_mode=auto_tr,35.296,1.0,0.3549,0.7227,50,256,0.001
2026-07-14T17:50:54,5,h5,tao_id10,TAO,0.1106,0.4989,,,200,10,1.5,2.0,1.0,,,,,1.0019,0.136,0.0721,0.9457,50,256,0.1
2026-07-14T17:50:56,5,h5,tao_id13,TAO,0.9972,0.9977,,,200,10,1.5,2.0,1.0,,,,,31.9249,1.0,0.3549,0.7022,50,256,0.001
2026-07-14T17:50:57,5,h5,tao_id13,TAO,0.9972,0.9975,,,200,10,1.0,2.0,1.0,,,,,35.9528,1.0,0.3549,0.7213,50,256,0.001
2026-07-14T17:50:57,5,h5,tao_id10,TAO,0.0984,0.494,,,200,10,1.0,2.0,1.0,,,,,0.9896,0.116,0.0615,0.9459,50,256,0.1
2026-07-14T17:50:57,5,h5,tao_id10,TAO,0.2007,0.7371,,,200,10,1.0,2.0,1.0,,,,lam_mode=auto_tr,1.5573,0.328,0.1739,0.9481,50,256,1.0
2026-07-14T17:50:58,5,h5,tao_id13,TAO,0.1918,0.552,,,200,10,1.0,2.0,1.0,,,,lam_mode=auto_tr,1.0673,0.244,0.0866,0.9662,50,256,0.01
2026-07-14T17:50:58,5,h5,tao_id10,TAO,0.1214,0.535,,,200,10,1.0,2.0,1.0,,,,,1.0462,0.18,0.0954,0.947,50,256,0.01
2026-07-14T17:50:59,5,h5,tao_id10,TAO,0.1347,0.5648,,,200,10,1.5,2.0,1.0,,,,,1.081,0.186,0.0986,0.9474,50,256,0.01
2026-07-14T17:51:01,5,h5,tao_id10,TAO,0.1743,0.713,,,200,10,1.0,2.0,1.0,,,,,1.5223,0.282,0.1495,0.9456,50,256,1.0
2026-07-14T17:51:04,5,h5,tao_id10,TAO,0.1282,0.539,,,200,10,1.0,2.0,1.0,,,,lam_mode=auto_tr,1.0524,0.188,0.0997,0.9485,50,256,0.01
2026-07-14T17:51:18,5,h5,tao_id10,TAO,0.2011,0.738,,,200,10,1.5,2.0,1.0,,,,,1.5554,0.328,0.1739,0.9474,50,256,1.0
2026-07-14T17:53:02,5,h5,tao_id10,TAO,0.9981,0.9982,,,200,10,1.0,2.0,1.0,,,,,40.408,1.0,0.5302,0.7312,50,256,0.001
2026-07-14T17:54:50,5,h5,tao_id8,TAO,0.0719,0.5219,,,200,10,1.0,2.0,1.0,,,,lam_mode=auto_tr,1.017,0.11,0.1129,0.9345,50,256,0.1
2026-07-14T17:54:53,5,h5,tao_id8,TAO,0.0586,0.5275,,,200,10,1.5,2.0,1.0,,,,,1.0348,0.08,0.0821,0.9329,50,256,0.01
2026-07-14T17:54:53,5,h5,tao_id10,TAO,0.9981,0.9982,,,200,10,1.0,2.0,1.0,,,,lam_mode=auto_tr,41.0945,1.0,0.5302,0.7162,50,256,0.001
2026-07-14T17:54:56,5,h5,tao_id8,TAO,1.0,1.0,,,200,10,1.5,2.0,1.0,,,,,52.7433,0.974,1.0,0.7088,50,256,0.001
2026-07-14T17:54:57,5,h5,tao_id10,TAO,0.9982,0.9989,,,200,10,1.5,2.0,1.0,,,,,41.3232,1.0,0.5302,0.7326,50,256,0.001
2026-07-14T17:54:58,5,h5,tao_id8,TAO,0.0733,0.5251,,,200,10,1.0,2.0,1.0,,,,,1.0393,0.102,0.1047,0.9357,50,256,0.01
2026-07-14T17:54:58,5,h5,tao_id8,TAO,0.0894,0.5821,,,200,10,1.0,2.0,1.0,,,,,1.1016,0.19,0.1951,0.9353,50,256,1.0
2026-07-14T17:54:59,5,h5,tao_id8,TAO,0.0734,0.574,,,200,10,1.0,2.0,1.0,,,,lam_mode=auto_tr,1.0763,0.164,0.1684,0.9354,50,256,1.0
2026-07-14T17:54:59,5,h5,tao_id8,TAO,0.071,0.5707,,,200,10,1.5,2.0,1.0,,,,,1.0724,0.154,0.1581,0.9359,50,256,1.0
2026-07-14T17:55:03,5,h5,tao_id8,TAO,1.0,1.0,,,200,10,1.0,2.0,1.0,,,,,51.6869,0.974,1.0,0.7201,50,256,0.001
2026-07-14T17:55:03,5,h5,tao_id8,TAO,0.0771,0.5735,,,200,10,1.0,2.0,1.0,,,,,1.0723,0.112,0.115,0.9315,50,256,0.1
2026-07-14T17:55:13,5,h5,tao_id8,TAO,0.0558,0.4883,,,200,10,1.5,2.0,1.0,,,,,0.9782,0.072,0.0739,0.9372,50,256,0.1
2026-07-14T17:57:10,5,h5,tao_id8,TAO,0.0642,0.5087,,,200,10,1.0,2.0,1.0,,,,lam_mode=auto_tr,1.0194,0.086,0.0883,0.94,50,256,0.01
2026-07-14T17:58:57,5,h5,tao_id8,TAO,1.0,1.0,,,200,10,1.0,2.0,1.0,,,,lam_mode=auto_tr,51.1873,0.974,1.0,0.7043,50,256,0.001
